code_asset,id_item,id_shop,id_cabang,id_category_asset,id_unit,asset_name,nilai_buku,status,timestamp,user_update,keterangan
TM510,1,2388,0,5,23,Kunci Ring (Offset Wrench),0,Active,5/20/2014 11:47,240,\N
M5-1315,2,2388,0,5,2,Kunci Ring 13-15 (Offset Wrench),0,Active,5/20/2014 11:47,240,\N
M5-3032,3,2388,0,5,2,Kunci Ring 30-32 (Offset Wrench),0,Active,5/20/2014 11:54,240,\N
TMS212,4,2388,0,5,23,Kunci Pas Ring (Combination Wrench),0,Active,5/20/2014 11:54,240,\N
MS2-11,5,2388,0,5,2,Kunci Pas Ring 11 (Combination Wrench),29581,Active,6/17/2014 8:42,240,\N
MS2-18,6,2388,0,5,2,Kunci Pas Ring 18 (Combination Wrench),55165,Active,6/17/2014 8:43,240,\N
MS2-24,7,2388,0,5,2,Kunci Pas Ring 24 (Combination Wrench),93541,Active,6/17/2014 8:43,240,\N
MS2-27,8,2388,0,5,2,Kunci Pas Ring 27 (Combination Wrench),123123,Active,6/17/2014 8:43,240,\N
MS2-30,9,2388,0,5,2,Kunci Pas Ring 30 (Combination Wrench),151905,Active,6/17/2014 8:43,240,\N
MS2-32,10,2388,0,5,2,Kunci Pas Ring 32 (Combination Wrench),167895,Active,6/17/2014 8:43,240,\N
TB420X,11,2388,0,5,23,Kunci Sock (Socket Wrench),2488843,Active,6/17/2014 8:43,240,\N
B4L-12,12,2388,0,5,2,Kunci Sock Panjang 12 (Deep Socket) SQ1/2,54366,Active,6/17/2014 8:43,240,\N
B4L-14,13,2388,0,5,2,Kunci Sock Panjang 14 (Deep Socket) SQ1/2,54366,Active,6/17/2014 8:43,240,\N
B4L-17,14,2388,0,5,2,Kunci Sock Panjang 17 (Deep Socket) SQ1/2,59163,Active,6/17/2014 8:43,240,\N
B4L-19,15,2388,0,5,2,Kunci Sock Panjang 19 (Deep Socket) SQ1/2,59163,Active,6/17/2014 8:43,240,\N
B4L-21,16,2388,0,5,2,Kunci Sock Panjang 21 (Deep Socket) SQ1/2,71955,Active,6/17/2014 8:43,240,\N
BP4L-17T,17,2388,0,5,2,Kunci Sock Panjang Hitam Impact (Deep Impact Socket) 17 SQ1/2,87945,Active,6/17/2014 8:43,240,\N
BP4L-19T,18,2388,0,5,2,Kunci Sock Panjang Hitam Impact (Deep Impact Socket) 19 SQ1/2,105534,Active,6/17/2014 8:43,240,\N
BP4L-21T,19,2388,0,5,2,Kunci Sock Panjang Hitam Impact (Deep Impact Socket) 21 SQ1/2,111130,Active,6/17/2014 8:43,240,\N
BR3E,20,2388,0,5,2,Racet Kecil (Rachet Handle) SQ3/8,261436,Active,6/17/2014 8:43,240,\N
BE3-075,21,2388,0,5,2,Sambungan Pendek Racet Sock Kecil (Extension Bar) SQ3/8,75143,Active,6/17/2014 8:43,240,\N
BE3-270,22,2388,0,5,2,Sambungan Panjang Racet Sock Kecil (Extension Bar) SQ3/8,136714,Active,6/17/2014 8:43,240,\N
TH-08,23,2388,0,5,2,Kunci T 8 (T Shape Wrench) ,107932,Active,6/17/2014 8:43,240,\N
TH-10,24,2388,0,5,2,Kunci T 10 (T Shape Wrench) ,107932,Active,6/17/2014 8:43,240,\N
TH-12,25,2388,0,5,2,Kunci T 12 (T Shape Wrench) ,107932,Active,6/17/2014 8:43,240,\N
TH-14,26,2388,0,5,2,Kunci T 14 (T Shape Wrench) ,121524,Active,6/17/2014 8:43,240,\N
B4A-20.8 P,27,2388,0,5,2,Kunci Busi 20.8 (Spark Plug Wrench) SQ1/2,198276,Active,6/17/2014 8:43,240,\N
B4A-16 P,28,2388,0,5,2,Kunci Busi 16 (Spark Plug Wrench) SQ1/2,127120,Active,6/17/2014 8:43,240,\N
B3A-14 SP,29,2388,0,5,2,Kunci Busi 14 (Spark Plug Wrench) SQ1/2,169494,Active,6/17/2014 8:43,240,\N
SPD-200C,30,2388,0,5,2,Tang Biasa (Side Cutting Plier),194278,Active,6/17/2014 8:43,240,\N
PJ-150A,31,2388,0,5,2,Tang Kombinasi (Combination Plier) ,83947,Active,6/17/2014 8:43,240,\N
PSL-150,32,2388,0,5,2,Tang Panjang (Needle Nose Plier) ,164697,Active,6/17/2014 8:43,240,\N
PN1-150,33,2388,0,5,2,Tang Potong (Diagonal Cutting Plier) ,164697,Active,6/17/2014 8:43,240,\N
WPD1-250,34,2388,0,5,2,Heavy Duty Water Pump Plier,227058,Active,6/17/2014 8:43,240,\N
10 WR,35,2388,0,5,2,Tang Buaya (Locking Plier),136500,Active,6/17/2014 8:43,240,\N
SCP-171,36,2388,0,5,2,Tang Tutup (Internal Snap Ring Plier),159900,Active,6/17/2014 8:43,240,\N
SOP-171,37,2388,0,5,2,Tang Buka (External Snap Ring Plier) ,159900,Active,6/17/2014 8:43,240,\N
1607,38,2388,0,5,23,Obeng (Screw Driver) ,137514,Active,6/17/2014 8:43,240,\N
SD-1P,39,2388,0,5,2,Obeng Kecil + (Stubby Driver) ,34378,Active,6/17/2014 8:43,240,\N
SD-1M,40,2388,0,5,2,Obeng Kecil - (Stubby Driver) ,34378,Active,6/17/2014 8:43,240,\N
MWA-300,41,2388,0,5,2,Kunci Inggris (Adjustable Wrench) ,283023,Active,6/17/2014 8:43,240,\N
PWA-300,42,2388,0,5,2,Kunci Pipa (Pipe Wrench) ,188682,Active,6/17/2014 8:43,240,\N
PH45-323,43,2388,0,5,2,Palu (Ball Pen Hammer) ,243048,Active,6/17/2014 8:43,240,\N
K9-6,44,2388,0,5,2,Palu Plastik (Plastic Hammer) ,159900,Active,6/17/2014 8:43,240,\N
HLD2509,45,2388,0,5,23,Kunci L Panjang (Ball Point Hex Key Wrench),695565,Active,6/17/2014 8:43,240,\N
LTX-12,46,2388,0,5,23,Kunci L Bintang Panjang (L Torx Wrench),849069,Active,6/17/2014 8:43,240,\N
8`(mokuba),47,2388,0,5,2,Pahat,48750,Active,6/17/2014 8:53,240,\N
TG-98,48,2388,0,5,2,Fuller Gauge ,77551,Active,6/17/2014 8:53,240,\N
KZI-30,49,2388,0,5,2,Kape (Stainless Scraper),119125,Active,6/17/2014 8:53,240,\N
MZ10-10X12,50,2388,0,5,2,Brake Pipe 10-12 (Flare Nut),158301,Active,6/17/2014 8:53,240,\N
MZ10-14X17,51,2388,0,5,2,Brake Pipe 14-17 (Flare Nut),170293,Active,6/17/2014 8:53,240,\N
KPR-52,52,2388,0,5,2,Kunci Palang Roda,71200,Active,6/17/2014 8:53,240,\N
EVT-1200A,53,2388,0,5,2,Kunci Moment (Torque Wrench),3482450,Active,6/17/2014 8:53,240,\N
SDR-54,54,2388,0,5,24,Solder,225000,Active,6/17/2014 8:53,240,\N
530-104,55,2388,0,5,2,Sikmat (Vernier Califer),544000,Active,6/17/2014 8:53,240,\N
LKJ-56,56,2388,0,5,24,Lampu Kerja (Hand Lamp),88000,Active,6/17/2014 8:53,240,\N
KKR-57,57,2388,0,5,23,Kikir,153000,Active,6/17/2014 8:53,240,\N
D110VR,58,2388,0,5,24,Bor Tangan,358312,Active,6/17/2014 8:53,240,\N
YKAG-090A,59,2388,0,5,24,Air Blow Gun,209469,Active,6/17/2014 8:53,240,\N
JAP436,60,2388,0,5,24,Air Impact Wrench,1733316,Active,6/17/2014 8:53,240,\N
OHZ-210,61,2388,0,5,24,Tire Lever 12",99138,Active,6/17/2014 8:53,240,\N
AYSC-20F,62,2388,0,5,24,Service Creeper,567645,Active,6/17/2014 8:53,240,\N
G1010H,63,2388,0,5,24,Gerinda Tangan,545512,Active,6/17/2014 8:53,240,\N
SKC-M,64,2388,0,5,24,Case (Split Open Metal Case),588432,Active,6/17/2014 8:53,240,\N
TBR-65,65,2388,0,5,24,Tools Box/Rooler Cabinet 4 Drawer,3360000,Active,6/17/2014 8:53,240,\N
DBB-66,66,2388,0,5,24,Dongkrak Buaya Besar,8000000,Active,6/17/2014 8:53,240,\N
DBK-67,67,2388,0,5,24,Dongkrak Buaya Kecil ,1472000,Active,6/17/2014 8:53,240,\N
DBT-68,68,2388,0,5,24,Dongkrak Botol (Bottle Jack Welded),184000,Active,6/17/2014 8:53,240,\N
JST-69,69,2388,0,5,23,Jackstand,242250,Active,6/17/2014 8:53,240,\N
SPR-70,70,2388,0,5,24,Spring Pressure Regulator,425000,Active,6/17/2014 8:53,240,\N
6,71,2388,0,5,24,Ragum Catok (Bench-Vice),1364000,Active,6/17/2014 8:53,240,\N
MBR-72,72,2388,0,5,23,Mata Bor 1-13mm,1105000,Active,6/17/2014 8:53,240,\N
WB 3056,73,2388,0,5,24,Meja Kerja (Work Bench),6375000,Active,6/17/2014 8:53,240,\N
SHM-74,74,2388,0,5,24,Sliding Hammer,1105000,Active,6/17/2014 8:53,240,\N
HL-108,75,2388,0,5,24,Gergaji Besi,85000,Active,6/17/2014 8:53,240,\N
OCN-76,76,2388,0,5,24,Oil Can 500cc,29750,Active,6/17/2014 8:53,240,\N
GBG6,77,2388,0,5,24,Gerinda Meja(Bench Grinder),2138400,Active,6/17/2014 8:53,240,\N
ATD-78,78,2388,0,5,24,Alat Tap Drat(Snai Pipa),2550000,Active,6/17/2014 8:53,240,\N
AVSA-12A,79,2388,0,5,23,Kunci Filter Oli Tipe Mangkok (Oil Filter Wrench),1444696,Active,6/17/2014 8:53,240,\N
CG-400,80,2388,0,5,24,Grease Gun (Cartridge Type),359775,Active,6/17/2014 8:53,240,\N
CW-90140,81,2388,0,5,24,Kunci Filter Oli Tipe Rantai (Oil Filter Wrench Chain),502086,Active,6/17/2014 8:53,240,\N
TK-33,82,2388,0,5,24,Oil Pump,800000,Active,6/17/2014 8:53,240,\N
E-02,83,2388,0,5,24,Penampung Oli Stanlis (Washing Pan),255000,Active,6/17/2014 8:53,240,\N
KFO-84,84,2388,0,5,24,Kunci Filter Oli (Two Way Oil Filter Wrench),80000,Active,6/17/2014 8:53,240,\N
CD 800,85,2388,0,5,24,Multi Meter Digital,425000,Active,6/17/2014 8:53,240,\N
YX-360TRF,86,2388,0,5,24,Multi Meter Analog,425000,Active,6/17/2014 8:53,240,\N
HS 201,87,2388,0,5,24,Mesin Spooring Hunter Hawkeye,195000000,Active,6/17/2014 8:53,240,\N
HL 51G,88,2388,0,5,24,Schissor Lift Heshbon,69975000,Active,6/17/2014 8:53,240,\N
C 490 WA,89,2388,0,5,24,Schissor Lift Eurasia,33000000,Active,6/17/2014 8:53,240,\N
HT-230,90,2388,0,5,24,Tyre Changer Heshbon,35775000,Active,6/17/2014 8:53,240,\N
A2000,91,2388,0,5,24,Tyre Changer Chorghi,33000000,Active,6/17/2014 8:53,240,\N
EM 7280,92,2388,0,5,24,Wheel Balancer Corghi,61125000,Active,6/17/2014 8:53,240,\N
7.5 PK,93,2388,0,5,24,Air Compressor Puma ,0,Active,6/17/2014 8:53,240,\N
FS4000L,94,2388,0,5,24,Nitrogen Kernel,15000000,Active,6/17/2014 8:53,240,\N
DCA-13 ESK,95,2388,0,5,24,Genset Denyo,99500000,Active,6/17/2014 8:53,240,\N
Launch,96,2388,0,5,24,Scanner,40000000,Active,6/17/2014 8:53,240,\N
PCS-98,97,2388,0,5,24,Komputer Samsung,5070000,Active,6/17/2014 8:53,240,\N
PHP-99,98,2388,0,5,24,Printer Admin HP Deskjet,580000,Active,6/17/2014 8:53,240,\N
PEP-100,99,2388,0,5,24,Printer Faktur Epson LX-310,1720000,Active,6/17/2014 8:53,240,\N
TVS-101,100,2388,0,5,24,TV LCD Samsung,0,Active,6/17/2014 8:53,240,\N
VVK-102,101,2388,0,5,24,CCTV Camera Vivotek,6930000,Active,6/17/2014 8:53,240,\N
SKN-103,102,2388,0,5,24,Dispenser (Hot & Cold) Sanken,0,Active,6/17/2014 8:53,240,\N
TLP-104,103,2388,0,5,24,Telpon Panasonic,0,Active,6/17/2014 8:53,240,\N
TPL-105,104,2388,0,5,24,WiFi TP-Link,260000,Active,6/17/2014 8:53,240,\N
KSF-106,105,2388,0,4,24,Motor Honda Supra Fit,0,Active,6/17/2014 8:53,240,\N
MCT-107,106,2388,0,1,24,Meja Customer,2299000,Active,6/17/2014 8:53,240,\N
MPC-108,107,2388,0,1,24,Meja Computer,899000,Active,6/17/2014 8:53,240,\N
MKB-109,108,2388,0,1,24,Meja Kabeng,2399000,Active,6/17/2014 8:53,240,\N
KCT-110,109,2388,0,1,24,Kursi Costumer,499000,Active,6/17/2014 8:53,240,\N
KRD-111,110,2388,0,1,24,Kursi Admin (Roda),729000,Active,6/17/2014 8:53,240,\N
KTP-112,111,2388,0,1,24,Kursi Tamu Panjang,1999000,Active,6/17/2014 8:53,240,\N
MCT-113,112,2388,0,1,24,Meja Counter (Achilles),0,Active,6/17/2014 8:53,240,\N
RFO-114,113,2388,0,1,24,Rak File (Odner),1899000,Active,6/17/2014 8:53,240,\N
LFL-115,114,2388,0,1,24,Lemari File,0,Active,6/17/2014 8:53,240,\N
LCM-116,115,2388,0,1,24,Locker Mekanik,0,Active,6/17/2014 8:53,240,\N
RBG-117,116,2388,0,1,24,Rak Ban Gudang,0,Active,6/17/2014 8:53,240,\N
ROL-118,117,2388,0,1,24,Rak Oli,0,Active,6/17/2014 8:53,240,\N
ETL-119,118,2388,0,1,24,Etalase / display,0,Active,6/17/2014 8:53,240,\N
KHR-106,119,2388,0,4,24,Motor Honda Revo,0,Active,6/17/2014 8:53,240,\N
KDA-107,120,2388,0,4,24,Mobil Daihatsu Ayla,99950000,Active,6/17/2014 8:53,240,\N
KDG-106,121,2388,0,4,24,Mobil Daihatsu Gran Max,123000000,Active,6/17/2014 8:53,240,\N
SD-6,122,2388,0,5,23,Impact Screw Driver,0,Active,7/3/2014 16:41,327,\N
XXXXX,123,2388,0,3,20,TEST,0,Active,12/2/2016 14:12,240,\N
MOUSE\LOGITEC\M331,124,2388,98,6,2,MOUSE LOGITEC M331,0,Non Active,11/13/2018 13:34,617,MOUSE LOGITEC M331
KEYBOARD\LOGITECH\K1,125,2388,0,7,2,KEYBOARD LOGITECH K120,0,Active,11/13/2018 13:35,617,KEYBOARD LOGITECH K120
UPS\APC\BX1100LI-MS,126,2388,0,8,24,UPS APC BX1100LI-MS,0,Active,11/13/2018 14:24,617,
MSBK/GENST/DENYO/25E,127,2388,0,9,24,GENSET DENYO 25ES,0,Active,11/23/2018 11:20,0,\N
MSBK/GENST/DENYO/13E,128,2388,0,9,24,GENSET DENYO 13ES,0,Active,11/23/2018 11:20,0,\N
MSBK/GENST/PERKINS,129,2388,0,9,24,GENSET PERKINS,0,Active,11/23/2018 11:20,0,\N
MSBK/GENST/PERKINS/T,130,2388,0,9,24,GENSET PERKINS TN-20P,0,Active,11/23/2018 11:20,0,\N
MSBK/GENST/HIGHLANDE,131,2388,0,9,24,GENSET HIGHLANDER 20 KVA,0,Active,11/23/2018 11:20,0,\N
MSBK/GENST/TRAKNUS,132,2388,0,9,24,GENSET TRAKNUS,0,Active,11/23/2018 11:20,0,\N
MSBK/GENST/TRAKNUS/P,133,2388,0,9,24,GENSET TRAKNUS PLP 20 P,0,Active,11/23/2018 11:20,0,\N
MSBK/GENST/STAMFORD/,134,2388,0,9,24,GENSET STAMFORD HUL1446,0,Active,11/23/2018 11:20,0,\N
MSBK/GENST/STAMFORD/,135,2388,0,9,24,GENSET STAMFORD PJ144DI,0,Active,11/23/2018 11:20,0,\N
MSBK/GENST/SAONON/SC,136,2388,0,9,24,GENSET SAONON SC 110-S,0,Active,11/23/2018 11:20,0,\N
MSBK/GENST/READYCRAF,137,2388,0,9,24,GENSET READY CRAFT,0,Active,11/23/2018 11:20,0,\N
NTBK/NTBOK/TOSHIBA,138,2388,0,34,24,NOTEBOOK TOSHIBA,0,Active,11/23/2018 11:20,0,\N
NTBK/NTBOK/DELL,139,2388,0,34,24,NOTEBOOK DELL,0,Active,11/23/2018 11:20,0,\N
MONI/COMPU/DELL,140,2388,0,15,24,MONITOR DELL,0,Active,11/23/2018 11:20,0,\N
MONI/COMPU/SAMSUNG,141,2388,0,15,24,MONITOR SAMSUNG,0,Active,11/23/2018 11:20,0,\N
MONI/COMPU/LENOVO,142,2388,0,15,24,MONITOR LENOVO,0,Active,11/23/2018 11:20,0,\N
MONI/COMPU/LENOVO/PB,143,2388,0,15,24,MONITOR LENOVO PBNKRN,0,Active,11/23/2018 11:20,0,\N
MONI/COMPU/SAMSUNG/L,144,2388,0,15,24,MONITOR SAMSUNG LS19B150,0,Active,11/23/2018 11:20,0,\N
PRIN/PRINTE/HP/S19D3,145,2388,0,17,24,PRINTER HP S19D300HY,0,Active,11/23/2018 11:20,0,\N
PRIN/PRINTE/EPSON/26,146,2388,0,17,24,PRINTER EPSON 2645,0,Active,11/23/2018 11:20,0,\N
PRIN/PRINTE/EPSON/15,147,2388,0,17,24,PRINTER EPSON 1515,0,Active,11/23/2018 11:20,0,\N
PRIN/PRINTE/EPSON/L3,148,2388,0,17,24,PRINTER EPSON L300,0,Active,11/23/2018 11:20,0,\N
PRIN/PRINTE/EPSON/L1,149,2388,0,17,24,PRINTER EPSON L120,0,Active,11/23/2018 11:20,0,\N
PRIN/PRINTE/HP,150,2388,0,17,24,PRINTER HP,0,Active,11/23/2018 11:20,0,\N
PRIN/PRINTE/HP/2135,151,2388,0,17,24,PRINTER HP 2135,0,Active,11/23/2018 11:20,0,\N
PRIN/PRINTE/HP/1000,152,2388,0,17,24,PRINTER HP 1000,0,Active,11/23/2018 11:20,0,\N
PRIN/PRINTE/HP/LX310,153,2388,0,17,24,PRINTER HP LX-310,0,Active,11/23/2018 11:20,0,\N
PRIN/PRINTE/HP/P1102,154,2388,0,17,24,PRINTER HP P1102,0,Active,11/23/2018 11:20,0,\N
MNPC/MINPC/INTEL/D34,155,2388,0,16,24,MINI PC INTEL D34010WYKH,0,Active,11/23/2018 11:20,0,\N
MNPC/MINPC/INTEL,156,2388,0,16,24,MINI PC INTEL,0,Active,11/23/2018 11:20,0,\N
MNPC/MINPC/DELL,157,2388,0,16,24,MINI PC DELL,0,Active,11/23/2018 11:20,0,\N
MNPC/MINPC/BYON/INTE,158,2388,0,16,24,MINI PC BYON,0,Active,11/23/2018 11:20,0,\N
MNPC/MINPC/BYON,159,2388,0,16,24,MINI PC BYON,0,Active,11/23/2018 11:20,0,\N
MOUS/MOUSE/HIKVISION,160,2388,0,6,24,MOUSE HIKVISION,0,Active,11/23/2018 11:20,0,\N
MOUS/MOUSE/LOGITECH/,161,2388,0,6,24,MOUSE LOGITECH B100,0,Active,11/23/2018 11:20,0,\N
MOUS/MOUSE/LOGITECH/,162,2388,0,6,24,MOUSE LOGITECH M331,0,Active,11/23/2018 11:20,0,\N
MOUS/MOUSE/GENIUS,163,2388,0,6,24,MOUSE GENIUS,0,Active,11/23/2018 11:20,0,\N
MOUS/MOUSE/POWERLOCK,164,2388,0,6,24,MOUSE POWER LOCK,0,Active,11/23/2018 11:20,0,\N
MOUS/MOUSE/POWERLOGI,165,2388,0,6,24,MOUSE POWER LOGIC,0,Active,11/23/2018 11:20,0,\N
MOUS/MOUSE/LENOVO,166,2388,0,6,24,MOUSE LENOVO,0,Active,11/23/2018 11:20,0,\N
MOUS/MOUSE/LENOVO/MT,167,2388,0,6,24,MOUSE LENOVO MTL0025D,0,Active,11/23/2018 11:20,0,\N
MOUS/MOUSE/MEDIATECH,168,2388,0,6,24,MOUSE MEDIATECH,0,Active,11/23/2018 11:20,0,\N
KYBR/KEYBO/LOGITECH,170,2388,0,7,24,KEYBOARD LOGITECH,0,Active,11/23/2018 11:20,0,\N
KYBR/KEYBO/GRAPHITE,171,2388,0,7,24,KEYBOARD GRAPHITE,0,Active,11/23/2018 11:20,0,\N
KYBR/KEYBO/GENIUS,172,2388,0,7,24,KEYBOARD GENIUS,0,Active,11/23/2018 11:20,0,\N
KYBR/KEYBO/POWERLOGI,173,2388,0,7,24,KEYBOARD POWER LOGIC,0,Active,11/23/2018 11:20,0,\N
KYBR/KEYBO/DELL,174,2388,0,7,24,KEYBOARD POWER DELL,0,Active,11/23/2018 11:20,0,\N
KYBR/KEYBO/LENOVO,175,2388,0,7,24,KEYBOARD LENOVO,0,Active,11/23/2018 11:20,0,\N
KYBR/KEYBO/DELL,176,2388,0,7,24,KEYBOARD DELL,0,Active,11/23/2018 11:20,0,\N
KYBR/KEYBO/ASUS,177,2388,0,7,24,KEYBOARD ASUS,0,Active,11/23/2018 11:20,0,\N
KYBR/KEYBO/MTECH,178,2388,0,7,24,KEYBOARD M TECH,0,Active,11/23/2018 11:20,0,\N
PCSV/PCSVR/NN,179,2388,0,19,24,PC SERVER,0,Active,11/23/2018 11:20,0,\N
PCSV/PCSVR/XENON,180,2388,0,19,24,PC SERVER XENON,0,Active,11/23/2018 11:20,0,\N
PCSV/PCSVR/POWERLOGI,181,2388,0,19,24,PC SERVER POWER LOGIC,0,Active,11/23/2018 11:20,0,\N
PCSV/PCSVR/XENINGTX2,182,2388,0,19,24,PC SERVER XENIN GTX2,0,Active,11/23/2018 11:20,0,\N
PCSV/PCSVR/DELL,183,2388,0,19,24,PC SERVER DELL,0,Active,11/23/2018 11:20,0,\N
PCSV/PCSVR/ASUS,184,2388,0,19,24,PC SERVER ASUS,0,Active,11/23/2018 11:20,0,\N
PCSV/PCSVR/POWER,185,2388,0,19,24,PC SERVER POWER,0,Active,11/23/2018 11:20,0,\N
PCSV/PCSVR/HIKVISION,186,2388,0,19,24,PC SERVER HIKVISION,0,Active,11/23/2018 11:20,0,\N
INFK/INFKU/NN,187,2388,0,35,24,INFOKUS,0,Active,11/23/2018 11:20,0,\N
PRJK/PROJK/NN,188,2388,0,36,24,PROJECTOR,0,Active,11/23/2018 11:20,0,\N
CCTV/CCTV/NN,189,2388,0,20,24,CCTV,0,Active,11/23/2018 11:20,0,\N
CCTV/CCTV/ROHS,190,2388,0,20,24,CCTV ROHS,0,Active,11/23/2018 11:20,0,\N
CCTV/CCTV/VIVOTEX,191,2388,0,20,24,CCTV VIVOTEX,0,Active,11/23/2018 11:20,0,\N
CCTV/CCTV/VIVOTEX/H2,192,2388,0,20,24,CCTV VIVOTEX H264,0,Active,11/23/2018 11:20,0,\N
CCTV/CCTV/VIVOTEX/IP,193,2388,0,20,24,CCTV VIVOTEX IP8331,0,Active,11/23/2018 11:20,0,\N
CCTV/CCTV/HIKVISION,194,2388,0,20,24,CCTV HIKVISION,0,Active,11/23/2018 11:20,0,\N
STIC/STABI/FERRORESS,195,2388,0,21,24,STABILIZER ICA FERRO RESONANT 350,0,Active,11/23/2018 11:20,0,\N
TV/TVLCD/SAMSUNG,196,2388,0,22,24,TV LCD SAMSUNG,0,Active,11/23/2018 11:20,0,\N
TV/TVLCD/SHARP,197,2388,0,22,24,TV LCD SHARP,0,Active,11/23/2018 11:20,0,\N
TV/TVLCD/LG,198,2388,0,22,24,TV LCD LG,0,Active,11/23/2018 11:20,0,\N
WLFN/WALLF/COSMOS,199,2388,0,23,24,WALL FAN COSMOS,0,Active,11/23/2018 11:20,0,\N
WLFN/WALLF/TURBO,200,2388,0,23,24,WALL FAN TURBO,0,Active,11/23/2018 11:20,0,\N
WLFN/WALLF/SANEX,201,2388,0,23,24,WALL FAN SANEX,0,Active,11/23/2018 11:20,0,\N
WLFN/WALLF/YAMAKAWA,202,2388,0,23,24,WALL FAN YAMAKAWA,0,Active,11/23/2018 11:20,0,\N
WLFN/WALLF/MIYAKO/KA,203,2388,0,23,24,WALL FAN MIYAKO KAW-1689RC,0,Active,11/23/2018 11:20,0,\N
WLFN/WALLF/AIRMONSTE,204,2388,0,23,24,WALL FAN AIR MONSTER 15493,0,Active,11/23/2018 11:20,0,\N
WLFN/WALLF/OKAYAMA,205,2388,0,23,24,WALL FAN OKAYAMA,0,Active,11/23/2018 11:20,0,\N
WLFN/WALLF/JUARA,206,2388,0,23,24,WALL FAN JUARA,0,Active,11/23/2018 11:20,0,\N
WLFN/WALLF/PANASONIC,207,2388,0,23,24,WALL FAN PANASONIC,0,Active,11/23/2018 11:20,0,\N
WLFN/WALLF/REGENCY,208,2388,0,23,24,WALL FAN REGENCY,0,Active,11/23/2018 11:20,0,\N
WLFN/WALLF/ADK,209,2388,0,23,24,WALL FAN ADK,0,Active,11/23/2018 11:20,0,\N
WLFN/WALLF/MIYAKO/KA,210,2388,0,23,24,WALL FAN MIYAKO KAW-1662,0,Active,11/23/2018 11:20,0,\N
WLFN/WALLF/MIYAKO/KA,211,2388,0,23,24,WALL FAN MIYAKO KAW-1618B,0,Active,11/23/2018 11:20,0,\N
STFN/STANF/PANASONIC,212,2388,0,24,24,STAND FAN PANASONIC,0,Active,11/23/2018 11:20,0,\N
STFN/STANF/COSMOS,213,2388,0,24,24,STAND FAN COSMOS,0,Active,11/23/2018 11:20,0,\N
STFN/STANF/KRISBOW/F,214,2388,0,24,24,STAND FAN KRISBOW FE4-4S,0,Active,11/23/2018 11:20,0,\N
STFN/STANF/KRISBOW,215,2388,0,24,24,STAND FAN KRISBOW,0,Active,11/23/2018 11:20,0,\N
KABS/KPSBS/CKE,216,2388,0,25,24,KIPAS ANGIN BESI CKE,0,Active,11/23/2018 11:20,0,\N
KABS/KPSBS/VANCO,217,2388,0,25,24,KIPAS ANGIN BESI VANCO,0,Active,11/23/2018 11:20,0,\N
KABS/KPSBS/SEKAI,218,2388,0,25,24,KIPAS ANGIN BESI SEKAI,0,Active,11/23/2018 11:20,0,\N
KABS/KPSBS/MIYAKO,219,2388,0,25,24,KIPAS ANGIN BESI MIYAKO,0,Active,11/23/2018 11:20,0,\N
AC/ACSPL/DAIKIN/FTNE,220,2388,0,26,24,AC DAIKIN FTNE50MV14,0,Active,11/23/2018 11:20,0,\N
AC/ACSPL/GREE,221,2388,0,26,24,AC GREE,0,Active,11/23/2018 11:20,0,\N
AC/ACSPL/PANASONIC/C,222,2388,0,26,24,AC PANASONC CS-PC7NKJ,0,Active,11/23/2018 11:20,0,\N
AC/ACSPL/PANASONIC/C,223,2388,0,26,24,AC PANASONC CS-PC18PKP,0,Active,11/23/2018 11:20,0,\N
AC/ACSPL/PANASONIC/C,224,2388,0,26,24,AC PANASONC CS-PN185KP,0,Active,11/23/2018 11:20,0,\N
AC/ACSPL/PANASONIC/C,225,2388,0,26,24,AC PANASONC CS-PCSNKJ,0,Active,11/23/2018 11:20,0,\N
AC/ACSPL/PANASONIC/C,226,2388,0,26,24,AC PANASONC CS-YN9RKJ,0,Active,11/23/2018 11:20,0,\N
AC/ACSPL/PANASONIC/C,227,2388,0,26,24,AC PANASONIC CS-PC9PK,0,Active,11/23/2018 11:20,0,\N
AC/ACSPL/DAIKIN,228,2388,0,26,24,AC DAIKIN,0,Active,11/23/2018 11:20,0,\N
AC/ACSPL/PANASONIC,229,2388,0,26,24,AC PANASONIC,0,Active,11/23/2018 11:20,0,\N
AC/ACSPL/MYQUAY,230,2388,0,26,24,AC MY QUAY,0,Active,11/23/2018 11:20,0,\N
AC/STDAC/PANASONIC/C,231,2388,0,26,24,AC PANASONIC CS-45FFP,0,Active,11/23/2018 11:20,0,\N
HP/HANDP/ADVAN/S5E,232,2388,0,27,24,HANDPHONE ADVAN S5E,0,Active,11/23/2018 11:20,0,\N
HP/HANDP/ADVAN/SE46S,233,2388,0,27,24,HANDPHONE ADVAN SE-46S,0,Active,11/23/2018 11:20,0,\N
DSPR/DISPN/SANKEN/HW,234,2388,0,28,24,DISPENSER SANKEN HWD-730N,0,Active,11/23/2018 11:20,0,\N
DSPR/DISPN/SANKEN/HW,235,2388,0,28,24,DISPENSER SANKEN HWD-76750,0,Active,11/23/2018 11:20,0,\N
DSPR/DISPN/SANKEN/HW,236,2388,0,28,24,DISPENSER SANKEN HWD-1001T,0,Active,11/23/2018 11:20,0,\N
DSPR/DISPN/SANKEN/HW,237,2388,0,28,24,DISPENSER SANKEN HWD-985SH,0,Active,11/23/2018 11:20,0,\N
DSPR/DISPN/SHARP,238,2388,0,28,24,DISPENSER SHARP,0,Active,11/23/2018 11:20,0,\N
DSPR/DISPN/MIYAKO,239,2388,0,28,24,DISPENSER MIYAKO,0,Active,11/23/2018 11:20,0,\N
KULK/KLKSC/POLYTRON/,240,2388,0,29,24,KULKAS SHOW CASE POLYTRON SCN 181L,0,Active,11/23/2018 11:20,0,\N
KULK/KLKSC/POLYTRON/,241,2388,0,29,24,KULKAS SHOW CASE POLYTRON AGATE 200,0,Active,11/23/2018 11:20,0,\N
KULK/KLKSC/POLYTRON,242,2388,0,29,24,KULKAS SHOW CASE POLYTRON,0,Active,11/23/2018 11:20,0,\N
KULK/KULKS/SHARP,243,2388,0,29,24,KULKAS SHARP,0,Active,11/23/2018 11:20,0,\N
ABSE/MSNAB/ZKTECO,244,2388,0,12,24,MESIN ABSENSI ZKT ECO,0,Active,11/23/2018 11:20,0,\N
ABSE/MSNAB/SOLUTION/,245,2388,0,12,24,MESIN ABSENSI SOLUTION X107,0,Active,11/23/2018 11:20,0,\N
PLAD/BRANK/KENKO,246,2388,0,10,24,BRANKAS KENKO,0,Active,11/23/2018 11:20,0,\N
PLAD/BRANK/DAIKIN,247,2388,0,10,24,BRANKAS DAIKIN,0,Active,11/23/2018 11:20,0,\N
PLAD/BRANK/JOYKO,248,2388,0,10,24,BRANKAS JOYKO,0,Active,11/23/2018 11:20,0,\N
PLAD/BRANK/JOYKO/CB2,249,2388,0,10,24,BRANKAS JOYKO CB-26A,0,Active,11/23/2018 11:20,0,\N
PLAD/BRANK/KRISBOW,250,2388,0,10,24,BRANKAS KRISBOW,0,Active,11/23/2018 11:20,0,\N
PLAD/BRANK/DAICHIBAN,251,2388,0,10,24,BRANKAS DAICHIBAN,0,Active,11/23/2018 11:20,0,\N
PLAD/BRANK/KINGSAFE,252,2388,0,10,24,BRANKAS KING SAFE,0,Active,11/23/2018 11:20,0,\N
MSBK/VCMCL/NN,253,2388,0,9,24,VACUUM CLEANER,0,Active,11/23/2018 11:20,0,\N
MSBK/VCMCL/KARCHER,254,2388,0,9,24,VACUUM CLEANER KARCHER,0,Active,11/23/2018 11:20,0,\N
MSBK/VCMCL/KARCHER/M,255,2388,0,9,24,VACUUM CLEANER KARCHER MT 20/1,0,Active,11/23/2018 11:20,0,\N
MSBK/VCMCL/BOSCH,256,2388,0,9,24,VACUUM CLEANER BOSCH,0,Active,11/23/2018 11:20,0,\N
MSBK/VCMCL/BOSCH/GAS,257,2388,0,9,24,VACUUM CLEANER BOSCH GAS 153601,0,Active,11/23/2018 11:20,0,\N
MSBK/MSSPR/HUNTERHAW,258,2388,0,9,24,MESIN SPOORING HUNTER HAWKEYE,0,Active,11/23/2018 11:20,0,\N
MSBK/MSSPR/HUNTERHAW,259,2388,0,9,24,MESIN SPOORING HUNTER HAWKEYE WA130,0,Active,11/23/2018 11:20,0,\N
MSBK/MSSPR/HUNTERHAW,260,2388,0,9,24,MESIN SPOORING HUNTER HAWKEYE WA230,0,Active,11/23/2018 11:20,0,\N
MSBK/SCRLF/HESBON,261,2388,0,9,24,SCISSOR LIFT HESBON,0,Active,11/23/2018 11:20,0,\N
MSBK/SCRLF/HESBON/HL,262,2388,0,9,24,SCISSOR LIFT HESBON HL516,0,Active,11/23/2018 11:20,0,\N
MSBK/SCRLF/EURASIA/C,263,2388,0,9,24,SCISSOR LIFT EURASIA C492WA,0,Active,11/23/2018 11:20,0,\N
MSBK/SCRLF/EURASIA/C,264,2388,0,9,24,SCISSOR LIFT EURASIA C490WA,0,Active,11/23/2018 11:20,0,\N
MSBK/SCRLF/EURASIA,265,2388,0,9,24,SCISSOR LIFT EURASIA,0,Active,11/23/2018 11:20,0,\N
MSBK/TYRCH/HESBON,266,2388,0,9,24,TYRE CHANGER HESBON,0,Active,11/23/2018 11:20,0,\N
MSBK/TYRCH/HESBON/HT,267,2388,0,9,24,TYRE CHANGER HESBON HT-230,0,Active,11/23/2018 11:20,0,\N
MSBK/TYRCH/HESBON/HT,268,2388,0,9,24,TYRE CHANGER HESBON HT-200,0,Active,11/23/2018 11:20,0,\N
MSBK/TYRCH/CORGHI/A2,269,2388,0,9,24,TYRE CHANGER CORGHI A2005,0,Active,11/23/2018 11:20,0,\N
MSBK/TYRCH/CORGHI,270,2388,0,9,24,TYRE CHANGER CORGHI,0,Active,11/23/2018 11:20,0,\N
MSBK/TYRCH/CORGHI/PR,271,2388,0,9,24,TYRE CHANGER CORGHI PRO LINE 322,0,Active,11/23/2018 11:20,0,\N
MSBK/MSBLC/CORGHI/EM,272,2388,0,9,24,MESIN BALANCING CORGHI EM7280,0,Active,11/23/2018 11:20,0,\N
MSBK/MSBLC/CORGHI/EM,273,2388,0,9,24,MESIN BALANCING CORGHI EM9280,0,Active,11/23/2018 11:20,0,\N
MSBK/MSBLC/HPA/B325,274,2388,0,9,24,MESIN BALANCING HPA B325,0,Active,11/23/2018 11:20,0,\N
MSBK/MSBLC/CORGHI,275,2388,0,9,24,MESIN BALANCING CORGHI,0,Active,11/23/2018 11:20,0,\N
MSBK/AICOM/HITACHIBE,276,2388,0,9,24,AIR COMPRESSOR HITACHI BEBICON,0,Active,11/23/2018 11:20,0,\N
MSBK/AICOM/SWAN/SWP3,277,2388,0,9,24,AIR COMPRESSOR SWAN SWP-307,0,Active,11/23/2018 11:20,0,\N
MSBK/AICOM/SWAN/SUPE,278,2388,0,9,24,AIR COMPRESSOR SUPER POWER,0,Active,11/23/2018 11:20,0,\N
MSBK/MSNIT/FLYEAGLE/,279,2388,0,9,24,MESIN NITROGEN FLY EAGLE FS4000L,0,Active,11/23/2018 11:20,0,\N
MSBK/MSNIT/FLYSPEED/,280,2388,0,9,24,MESIN NITROGEN FLY SPEED FS4000L,0,Active,11/23/2018 11:20,0,\N
MSBK/MSNIT/NITROMAN/,281,2388,0,9,24,MESIN NITROGEN NITROMAN N4500,0,Active,11/23/2018 11:20,0,\N
MSBK/TWPOS/BENDPAK,282,2388,0,9,24,TWO POST LIFT BENDPAK,0,Active,11/23/2018 11:20,0,\N
MSBK/TWPOS/HOFMANN/B,283,2388,0,9,24,TWO POST LIFT HOFMANN,0,Active,11/23/2018 11:20,0,\N
MSBK/TWPOS/HOFMANN,284,2388,0,9,24,TWO POST LIFT HOFMANN,0,Active,11/23/2018 11:20,0,\N
MSBK/TWPOS/LAUNCH/TL,285,2388,0,9,24,TWO POST LIFT LAUNCH TLT 240 SCA,0,Active,11/23/2018 11:20,0,\N
MSBK/TWPOS/LAUNCH,286,2388,0,9,24,TWO POST LIFT LAUNCH,0,Active,11/23/2018 11:20,0,\N
MSBK/TWPOS/BUTLER,287,2388,0,9,24,TWO POST LIFT BUTLER,0,Active,11/23/2018 11:20,0,\N
MSBK/ENSCR/LAUNCH/X4,288,2388,0,5,24,ENGINE SCANNER LAUNCH X 431 PRO,0,Active,11/23/2018 11:20,0,\N
MSBK/ENSCR/LAUNCH/AU,289,2388,0,5,24,ENGINE SCANNER AUTOBOSS,0,Active,11/23/2018 11:20,0,\N
MSBK/ATFCH/LAUNCH/CA,290,2388,0,9,24,ATF CHANGER LAUNCH CAT 501 S,0,Active,11/23/2018 11:20,0,\N
MSBK/ATFCH/LAUNCH/CA,291,2388,0,9,24,ATF CHANGER LAUNCH CAT 401 S,0,Active,11/23/2018 11:20,0,\N
MSBK/ATFCH/HESHBON,292,2388,0,9,24,ATF CHANGER HESHBON,0,Active,11/23/2018 11:20,0,\N
MSBK/SGPLC/NN,293,2388,0,9,24,SINGLE POST LIFT CUCI,0,Active,11/23/2018 11:20,0,\N
MSBK/JETWS/NN,294,2388,0,9,24,JET WASHER,0,Active,11/23/2018 11:20,0,\N
MSBK/JETWS/VEGA/C120,295,2388,0,9,24,JET WASHER VEGA C120F,0,Active,11/23/2018 11:20,0,\N
MSBK/JETWS/FURUKAWA/,296,2388,0,9,24,JET WASHER FURUKAWA FVPS-22,0,Active,11/23/2018 11:20,0,\N
MSBK/JETWS/FURUKAWA/,297,2388,0,9,24,JET WASHER FURUKAWA,0,Active,11/23/2018 11:20,0,\N
MSBK/TBSNW/NN,298,2388,0,9,24,TABUNG SNOW WASH,0,Active,11/23/2018 11:20,0,\N
MSBK/TBSNW/FUJI,299,2388,0,9,24,TABUNG SNOW WASH FUJI,0,Active,11/23/2018 11:20,0,\N
PLBK/DONBY/NAGASAKI,300,2388,0,5,24,HEAVY DUTY HYDRAULIC FLOOR JACK 3 TON NAGASAKI,0,Active,11/23/2018 11:20,0,\N
PLBK/DONBY/NAGASAKI/,301,2388,0,5,24,HEAVY DUTY HYDRAULIC FLOOR JACK 3 TON NAGASAKI,0,Active,11/23/2018 11:20,0,\N
PLBK/DONBY/KERNEL,302,2388,0,5,24,HYDRAULIC FLOOR JACK 3 TON KERNEL,0,Active,11/23/2018 11:20,0,\N
PLBK/DONBY/TEKIRO,303,2388,0,5,24,HYDRAULIC FLOOR JACK 3 TON TEKIRO,0,Active,11/23/2018 11:20,0,\N
PLBK/DONBY/EAGLEPRO,304,2388,0,5,24,HYDRAULIC FLOOR JACK 3 TON EAGLE PRO,0,Active,11/23/2018 11:20,0,\N
PLBK/DONBY/NN,305,2388,0,5,24,HYDRAULIC FLOOR JACK 3 TON,0,Active,11/23/2018 11:20,0,\N
PLAD/MJCST/MALCA,306,2388,0,10,24,MEJA CUSTOMER SERVICE MALCA,0,Active,11/23/2018 11:20,0,\N
PLAD/MJCST/NN,307,2388,0,10,24,MEJA CUSTOMER SERVICE,0,Active,11/23/2018 11:20,0,\N
PLAD/MJCST/INFORMA,308,2388,0,10,24,MEJA CUSTOMER SERVICE INFORMA,0,Active,11/23/2018 11:20,0,\N
PLAD/MJKOM/NN,309,2388,0,10,24,MEJA KOMPUTER,0,Active,11/23/2018 11:20,0,\N
PLAD/MJKOM/ADITECH,310,2388,0,10,24,MEJA KOMPUTER ADITECH,0,Active,11/23/2018 11:20,0,\N
PLAD/MJKOM/ACEHARDWA,311,2388,0,10,24,MEJA KOMPUTER ACE HARDWARE,0,Active,11/23/2018 11:20,0,\N
PLAD/MJTAM/NN,312,2388,0,10,24,MEJA TAMU,0,Active,11/23/2018 11:20,0,\N
PLAD/MJTAM/INFORMA,313,2388,0,10,24,MEJA TAMU INFORMA,0,Active,11/23/2018 11:20,0,\N
PLAD/MJTAM/EXPO,314,2388,0,10,24,MEJA TAMU EXPO,0,Active,11/23/2018 11:20,0,\N
PLAD/MJKBG/NN,315,2388,0,10,24,MEJA KEPALA BENGKEL,0,Active,11/23/2018 11:20,0,\N
PLAD/MJKBG/ADITECH,316,2388,0,10,24,MEJA KEPALA BENGKEL ADITECH,0,Active,11/23/2018 11:20,0,\N
PLAD/MJKBG/INFORMA,317,2388,0,10,24,MEJA KEPALA BENGKEL INFORMA,0,Active,11/23/2018 11:20,0,\N
PLAD/MJKBG/MALCA,318,2388,0,10,24,MEJA KEPALA BENGKEL MALCA,0,Active,11/23/2018 11:20,0,\N
PLAD/KSADM/NN,319,2388,0,10,24,KURSI ADMIN RODA,0,Active,11/23/2018 11:20,0,\N
PLAD/KSADM/SAVELLO,320,2388,0,10,24,KURSI ADMIN RODA SAVELLO,0,Active,11/23/2018 11:20,0,\N
PLAD/KSADM/FANTONI,321,2388,0,10,24,KURSI ADMIN RODA FANTONI,0,Active,11/23/2018 11:20,0,\N
PLAD/KSADM/INFORMA,322,2388,0,10,24,KURSI ADMIN RODA INFORMA,0,Active,11/23/2018 11:20,0,\N
PLAD/KSCUST/INFORMA,323,2388,0,10,24,KURSI CUSTOMER INFORMA,0,Active,11/23/2018 11:20,0,\N
PLAD/KSCUST/NN,324,2388,0,10,24,KURSI CUSTOMER,0,Active,11/23/2018 11:20,0,\N
PLAD/KSCUST/CHAIRMAN,325,2388,0,10,24,KURSI CUSTOMER CHAIRMAN,0,Active,11/23/2018 11:20,0,\N
PLAD/KSCUST/RAOTEC,326,2388,0,10,24,KURSI CUSTOMER RAOTEC,0,Active,11/23/2018 11:20,0,\N
PLAD/KSTPJ/CHAIRMAN,327,2388,0,10,24,KURSI TAMU PANJANG CHAIRMAN,0,Active,11/23/2018 11:20,0,\N
PLAD/KSTPJ/INFORMA,328,2388,0,10,24,KURSI TAMU PANJANG,0,Active,11/23/2018 11:20,0,\N
PLAD/KSTPJ/INFORD,329,2388,0,10,24,KURSI TAMU PANJANG INFORD,0,Active,11/23/2018 11:20,0,\N
PLAD/KSTPJ/NN,330,2388,0,10,24,KURSI TAMU PANJANG,0,Active,11/23/2018 11:20,0,\N
PLAD/KSTPJ/FANTONI,331,2388,0,10,24,KURSI TAMU PANJANG FANTONI,0,Active,11/23/2018 11:20,0,\N
PLAD/KSTPJ/ACEHARDWA,332,2388,0,10,24,KURSI TAMU PANJANG ACE HARDWARE,0,Active,11/23/2018 11:20,0,\N
PLAD/LMRFL/MALCA,333,2388,0,10,24,LEMARI FILE MALCA,0,Active,11/23/2018 11:20,0,\N
PLAD/LMRFL/INFORMA,334,2388,0,10,24,LEMARI FILE INFORMA,0,Active,11/23/2018 11:20,0,\N
PLAD/LMRFL/SIEBEN,335,2388,0,10,24,LEMARI FILE SIEBEN,0,Active,11/23/2018 11:20,0,\N
PLAD/LMRFL/NN,336,2388,0,10,24,LEMARI FILE,0,Active,11/23/2018 11:20,0,\N
PLAD/LMRFL/ADITECH,337,2388,0,10,24,LEMARI FILE ADITECH,0,Active,11/23/2018 11:20,0,\N
PLAD/RODPL/NN,338,2388,0,10,24,RAK OLI DISPLAY,0,Active,11/23/2018 11:20,0,\N
PLAD/RBGDG/NN,339,2388,0,10,24,RAK BESI GUDANG,0,Active,11/23/2018 11:20,0,\N
KNDR/MOTOR/HONDA/REV,340,2388,0,4,24,MOTOR HONDA REVO,0,Active,11/23/2018 11:20,0,\N
KNDR/MOTOR/YAMAHA/MI,341,2388,0,4,24,MOTOR YAMAHA MIO,0,Active,11/23/2018 11:20,0,\N
KNDR/MOTOR/HONDA/BLA,342,2388,0,4,24,MOTOR HONDA BLADE,0,Active,11/23/2018 11:20,0,\N
KNDR/MOBIL/COLT/120,343,2388,0,4,24,MOBIL COLT DIESEL 120,0,Active,11/23/2018 11:20,0,\N
KNDR/MOBIL/COLT/L300,344,2388,0,4,24,MOBIL COLT DIESEL L-300,0,Active,11/23/2018 11:20,0,\N
PLBK/AIRGN/ATS,345,2388,0,5,24,AIRGUN ATS,0,Active,11/23/2018 11:20,0,\N
PLBK/AIRGN/KTC,346,2388,0,5,24,AIRGUN KTC,0,Active,11/23/2018 11:20,0,\N
PLBK/AIRGN/KRISBOW,347,2388,0,5,24,AIRGUN KRISBOW,0,Active,11/23/2018 11:20,0,\N
PLBK/AIRGN/CP,348,2388,0,5,24,AIRGUN CP,0,Active,11/23/2018 11:20,0,\N
PLBK/AIRGN/TEKIRO,349,2388,0,5,24,AIRGUN TEKIRO,0,Active,11/23/2018 11:20,0,\N
PLBK/AIRGN/TACHI,350,2388,0,5,24,AIRGUN TACHI,0,Active,11/23/2018 11:20,0,\N
PLBK/AIRGN/MEIJI,351,2388,0,5,24,AIRGUN MEIJI,0,Active,11/23/2018 11:20,0,\N
PLBK/AIRGN/APPLE,352,2388,0,5,24,AIRGUN APPLE,0,Active,11/23/2018 11:20,0,\N
PLBK/AIRGN/NN,353,2388,0,5,24,AIRGUN,0,Active,11/23/2018 11:20,0,\N
PLBK/SCRRE/MARUNI,354,2388,0,5,24,SCREW REAMER MARUNI,0,Active,11/23/2018 11:20,0,\N
PLBK/INSND/MARUNI,355,2388,0,5,24,INSERT NEEDLE MARUNI,0,Active,11/23/2018 11:20,0,\N
PLBK/INSND/NN,356,2388,0,5,24,INSERT NEEDLE,0,Active,11/23/2018 11:20,0,\N
PLBK/ALSKK/BOS,357,2388,0,5,24,ALAS KAKI BOS,0,Active,11/23/2018 11:20,0,\N
APAR/APAR/VIKING/3.5,358,2388,0,30,24,"APAR VIKING 3,5 KG",0,Active,11/23/2018 11:20,0,\N
APAR/APAR/VIKING/4.5,359,2388,0,30,24,"APAR VIKING 4,5 KG",0,Active,11/23/2018 11:20,0,\N
APAR/APAR/VIKING/05,360,2388,0,30,24,APAR VIKING 5 KG,0,Active,11/23/2018 11:20,0,\N
APAR/APAR/VIKING/06,361,2388,0,30,24,APAR VIKING 6 KG,0,Active,11/23/2018 11:20,0,\N
APAR/APAR/BINUS/3.5,362,2388,0,30,24,"APAR BINUS PROTECT 3,5 KG",0,Active,11/23/2018 11:20,0,\N
APAR/APAR/FIREPROTEC,363,2388,0,30,24,"APAR FIRE PROTECT 5,5 KG",0,Active,11/23/2018 11:20,0,\N
APAR/APAR/SINGLAR/3.,364,2388,0,30,24,"APAR SINGLAR 3,5 KG",0,Active,11/23/2018 11:20,0,\N
APAR/APAR/GUNNEBO/03,365,2388,0,30,24,APAR GUNNEBO 3 KG,0,Active,11/23/2018 11:20,0,\N
APAR/APAR/PROTECT/01,366,2388,0,30,24,APAR PROTECT 1 KG,0,Active,11/23/2018 11:20,0,\N
APAR/APAR/PROTECT/MF,367,2388,0,30,24,APAR PROTECT 3 KG MFZ 3,0,Active,11/23/2018 11:20,0,\N
APAR/APAR/PROTECT/2.,368,2388,0,30,24,"APAR PROTECT 2,5 KG",0,Active,11/23/2018 11:20,0,\N
APAR/APAR/PROTECT/3.,369,2388,0,30,24,"APAR PROTECT 3,5 KG",0,Active,11/23/2018 11:20,0,\N
APAR/APAR/PROTECT/05,370,2388,0,30,24,APAR PROTECT 5 KG,0,Active,11/23/2018 11:20,0,\N
APAR/APAR/PROTECT/5.,371,2388,0,30,24,"APAR PROTECT 5,5 KG",0,Active,11/23/2018 11:20,0,\N
APAR/APAR/PROTECT/09,372,2388,0,30,24,APAR PROTECT 9 KG,0,Active,11/23/2018 11:20,0,\N
APAR/APAR/PYROSAFE/0,373,2388,0,30,24,APAR PYROSAFE 3 KG,0,Active,11/23/2018 11:20,0,\N
APAR/APAR/PYROSAFE/3,374,2388,0,30,24,"APAR PYROSAFE 3,5 KG",0,Active,11/23/2018 11:20,0,\N
APAR/APAR/PYROSAFE/4,375,2388,0,30,24,"APAR PYROSAFE 4,5 KG",0,Active,11/23/2018 11:20,0,\N
APAR/APAR/PYROSAFE/0,376,2388,0,30,24,APAR PYROSAFE 5 KG,0,Active,11/23/2018 11:20,0,\N
APAR/APAR/INDOKA/06,377,2388,0,30,24,APAR INDOKA 6 KG,0,Active,11/23/2018 11:20,0,\N
APAR/APAR/KRAKATAU,378,2388,0,30,24,APAR KRAKATAU,0,Active,11/23/2018 11:20,0,\N
APAR/APAR/QUICKFIRE/,379,2388,0,30,24,"APAR QUICKFIRE 5,4 KG",0,Active,11/23/2018 11:20,0,\N
APAR/APAR/TOTALFIRE/,380,2388,0,30,24,APAR TOTAL FIRE 6 KG,0,Active,11/23/2018 11:20,0,\N
APAR/APAR/TOTALFIRE/,381,2388,0,30,24,APAR TOTAL FIRE 5 KG,0,Active,11/23/2018 11:20,0,\N
APAR/APAR/TOTALFIRE/,382,2388,0,30,24,"APAR TOTAL FIRE 4,5 KG",0,Active,11/23/2018 11:20,0,\N
APAR/APAR/KURNIAJAYA,383,2388,0,30,24,APAR KURNIA JAYA SAFETY,0,Active,11/23/2018 11:20,0,\N
APAR/APAR/NN,384,2388,0,30,24,APAR,0,Active,11/23/2018 11:20,0,\N
MSBK/BTCHG/KRISBOW/K,385,2388,0,9,24,BATTERY CHARGER KRISBOW KW1900650,0,Active,11/23/2018 11:20,0,\N
MSBK/BTFCH/DELTA/BT1,386,2388,0,9,24,BATTERY FAST CHARGER DELTA BT121A,0,Active,11/23/2018 11:20,0,\N
MSBK/BTFCH/MINDTRONI,387,2388,0,9,24,BATTERY FAST CHARGER MINDTRONIC,0,Active,11/23/2018 11:20,0,\N
PLBK/BAZOO/BEADBAZOO,388,2388,0,5,24,BEAD BAZOOKA GAITHERS BB9L,0,Active,11/23/2018 11:20,0,\N
PLBK/BAZOO/TECHNO/9L,389,2388,0,5,24,BAZOOKA TECHNO 9L,0,Active,11/23/2018 11:20,0,\N
PLBK/BRDDK/NN,390,2388,0,5,24,BOR DUDUK,0,Active,11/23/2018 11:20,0,\N
PLBK/BRTNG/RYOBI/D11,391,2388,0,5,24,BOR TANGAN RYOBI D 110 VR,0,Active,11/23/2018 11:20,0,\N
PLBK/BRTNG/BOSCH,392,2388,0,5,24,BOR TANGAN BOSCH,0,Active,11/23/2018 11:20,0,\N
PLBK/BRTNG/MODERN/M2,393,2388,0,5,24,BOR TANGAN MODERN M2100C,0,Active,11/23/2018 11:20,0,\N
PLBK/BRTNG/MAKTEC,394,2388,0,5,24,BOR TANGAN MAKTEC,0,Active,11/23/2018 11:20,0,\N
PLBK/BRTNG/NN,395,2388,0,5,24,BOR TANGAN,0,Active,11/23/2018 11:20,0,\N
PLBK/BRFDT/NN,396,2388,0,5,24,BRAKE FLUID TESTER,0,Active,11/23/2018 11:20,0,\N
PLBK/CTCLS/KTC,397,2388,0,5,24,CENTER CLUTCH SET KTC,0,Active,11/23/2018 11:20,0,\N
PLBK/COMGG/KD,398,2388,0,5,24,COMPRESSION GAUGE KD,0,Active,11/23/2018 11:20,0,\N
PLBK/CNGBN/BIGBOSS,399,2388,0,5,24,CONGKELAN BAN BIG BOSS,0,Active,11/23/2018 11:20,0,\N
PLBK/CNGBN/TEKIRO,400,2388,0,5,24,CONGKELAN BAN TEKIRO,0,Active,11/23/2018 11:20,0,\N
PLBK/CNGBN/KRISBOW,401,2388,0,5,24,CONGKELAN BAN KRISBOW,0,Active,11/23/2018 11:20,0,\N
PLBK/HYDBT/TEKIRO,402,2388,0,5,24,HYDRAULIC BOTTLE JACK 4 TON TEKIRO,0,Active,11/23/2018 11:20,0,\N
PLBK/HYDBT/NN,403,2388,0,5,24,HYDRAULIC BOTTLE JACK 4 TON,0,Active,11/23/2018 11:20,0,\N
PLBK/HYDBT/KRISBOW,404,2388,0,5,24,HYDRAULIC BOTTLE JACK 4 TON KRISBOW,0,Active,11/23/2018 11:20,0,\N
PLBK/HYDBT/TOYOTA,405,2388,0,5,24,HYDRAULIC BOTTLE JACK 4 TON TOYOTA,0,Active,11/23/2018 11:20,0,\N
PLBK/EMBER/TATAY,406,2388,0,5,24,EMBER TATAY,0,Active,11/23/2018 11:20,0,\N
PLBK/ENGCR/KERNEL,407,2388,0,5,24,ENGINE CRANE KERNEL,0,Active,11/23/2018 11:20,0,\N
PLBK/ENGCR/TEKIRO,408,2388,0,5,24,ENGINE CRANE TEKIRO,0,Active,11/23/2018 11:20,0,\N
PLBK/ENGCR/NN,409,2388,0,5,24,ENGINE CRANE,0,Active,11/23/2018 11:20,0,\N
PLBK/ENGCR/ESTCO,410,2388,0,5,24,ENGINE CRANE ESTCO,0,Active,11/23/2018 11:20,0,\N
EXFN/EXHAU/SEKAI,411,2388,0,31,24,EXHAUST FAN SEKAI,0,Active,11/23/2018 11:20,0,\N
PLAD/ETALA/NN,412,2388,0,10,24,ETALASE,0,Active,11/23/2018 11:20,0,\N
EXFN/EXHAU/NN,413,2388,0,31,24,EXHAUST FAN,0,Active,11/23/2018 11:20,0,\N
EXFN/EXHAU/CKE,414,2388,0,31,24,EXHAUST FAN CKE,0,Active,11/23/2018 11:20,0,\N
EXFN/EXHAU/KJK,415,2388,0,31,24,EXHAUST FAN KJK,0,Active,11/23/2018 11:20,0,\N
EXFN/EXHAU/PANASONIC,416,2388,0,31,24,EXHAUST FAN PANASONIC,0,Active,11/23/2018 11:20,0,\N
PLBK/EXPRG/NN,417,2388,0,5,24,EXPANDER RING PISTON,0,Active,11/23/2018 11:20,0,\N
PLBK/DREXB/TEKIRO,418,2388,0,5,24,DR EXTENSION BAR 10,0,Active,11/23/2018 11:20,0,\N
PLBK/FLRGA/TEKIRO,419,2388,0,5,24,FEELER GAUGE TEKIRO,0,Active,11/23/2018 11:20,0,\N
PLBK/FNDCV/BOS,420,2388,0,5,24,FENDER COVER,0,Active,11/23/2018 11:20,0,\N
PLBK/FLXHD/TEKIRO,421,2388,0,5,24,FLEXIBLE HANDLE TEKIRO,0,Active,11/23/2018 11:20,0,\N
PLBK/FLXHD/KTC,422,2388,0,5,24,FLEXIBLE HANDLE KTC,0,Active,11/23/2018 11:20,0,\N
Fiberhome,423,2388,0,10,24,Fiberhome,0,Active,11/23/2018 11:20,0,\N
Fiberstar,424,2388,0,10,24,Fiberstar,0,Active,11/23/2018 11:20,0,\N
MSBK/FNSBL/CEMB/L88P,425,2388,0,9,24,FINISH BALANCE CEMB L88P,0,Active,11/23/2018 11:20,0,\N
PLBK/FUPRG/NN,426,2388,0,5,24,FUEL PRESSURE GAUGE,0,Active,11/23/2018 11:20,0,\N
PLBK/GRGBS/NN,427,2388,0,5,24,GERGAJI BESI,0,Active,11/23/2018 11:20,0,\N
PLBK/GRGBS/TJAPMATA,428,2388,0,5,24,GERGAJI BESI TJAP MATA,0,Active,11/23/2018 11:20,0,\N
PLBK/GRGBS/JASON,429,2388,0,5,24,GERGAJI BESI JASON,0,Active,11/23/2018 11:20,0,\N
PLBK/GRGBS/TEKIRO,430,2388,0,5,24,GERGAJI BESI TEKIRO,0,Active,11/23/2018 11:20,0,\N
PLBK/GRGBS/VIPER,431,2388,0,5,24,GERGAJI BESI VIPER,0,Active,11/23/2018 11:20,0,\N
PLBK/GRGBS/WIPRO,432,2388,0,5,24,GERGAJI BESI WIPRO,0,Active,11/23/2018 11:20,0,\N
PLBK/GRNMJ/NN,433,2388,0,5,24,GERINDA MEJA,0,Active,11/23/2018 11:20,0,\N
PLBK/GRNMJ/BOSCH,434,2388,0,5,24,GERINDA MEJA BOSCH,0,Active,11/23/2018 11:20,0,\N
PLBK/GRNMJ/BOSCH/GBG,435,2388,0,5,24,GERINDA MEJA BOSCH GBG 6,0,Active,11/23/2018 11:20,0,\N
PLBK/GRNMJ/BOSCH/GBG,436,2388,0,5,24,GERINDA MEJA BOSCH GBG 35-5,0,Active,11/23/2018 11:20,0,\N
PLBK/GRNMJ/SUPERJAPA,437,2388,0,5,24,GERINDA MEJA SUPER JAPAN,0,Active,11/23/2018 11:20,0,\N
PLBK/GRNTG/KRISBOW,438,2388,0,5,24,GERINDA TANGAN KRISBOW,0,Active,11/23/2018 11:20,0,\N
PLBK/GRNTG/BOSCH,439,2388,0,5,24,GERINDA TANGAN BOSCH,0,Active,11/23/2018 11:20,0,\N
PLBK/GRNTG/PRESSCOTT,440,2388,0,5,24,GERINDA TANGAN PRESSCOTT,0,Active,11/23/2018 11:20,0,\N
PLBK/GRNTG/RYOBI,441,2388,0,5,24,GERINDA TANGAN RYOBI,0,Active,11/23/2018 11:20,0,\N
PLBK/GRNTG/TEKIRO,442,2388,0,5,24,GERINDA TANGAN TEKIRO,0,Active,11/23/2018 11:20,0,\N
PLBK/GRNTG/NN,443,2388,0,5,24,GERINDA TANGAN,0,Active,11/23/2018 11:20,0,\N
PLBK/GRNTG/BOSCH/GWS,444,2388,0,5,24,GERINDA TANGAN BOSCH GWS060,0,Active,11/23/2018 11:20,0,\N
PLBK/HRDRY/NN,445,2388,0,5,24,HAIR DRYER,0,Active,11/23/2018 11:20,0,\N
PLBK/HVDVC/TEKIRO,446,2388,0,5,24,HEAVY DUTY VALVE SPRING COMPRESSOR TEKIRO,0,Active,11/23/2018 11:20,0,\N
TKR/HNDL/BSR,447,2388,0,5,24,Tekiro Handle Besar,0,Active,11/23/2018 11:20,0,\N
TKR/HNDL/KCL,448,2388,0,5,24,Tekiro Handle Kecil,0,Active,11/23/2018 11:20,0,\N
TKR/HNDL/SOCK,449,2388,0,5,24,Tekiro Handle Sok,0,Active,11/23/2018 11:20,0,\N
HT/HANTL/SPC,450,2388,0,33,24,HT SPC,0,Active,11/23/2018 11:20,0,\N
HT/HANTL/WEIRWEI,451,2388,0,33,24,HT Weirwei,0,Active,11/23/2018 11:20,0,\N
HT/HANTL/ICOM,452,2388,0,33,24,HT ICOM,0,Active,11/23/2018 11:20,0,\N
PLBK/HYDPR/WORKSHOP/,453,2388,0,5,24,HYDROLIC PRESS WORKSHOP PRO 500,0,Active,11/23/2018 11:20,0,\N
PLBK/IMPAC/IR,454,2388,0,5,24,IMPACT IR,0,Active,11/23/2018 11:20,0,\N
PLBK/IMPAC/TOKU,455,2388,0,5,24,IMPACT TOKU,0,Active,11/23/2018 11:20,0,\N
PLBK/IMPAC/FIREBIRD,456,2388,0,5,24,IMPACT FIRE BIRD,0,Active,11/23/2018 11:20,0,\N
PLBK/IMPAC/NN,457,2388,0,5,24,IMPACT,0,Active,11/23/2018 11:20,0,\N
PLBK/INJCL/AUTOTECH,458,2388,0,5,24,INJECTOR CLEANER AUTOTECH,0,Active,11/23/2018 11:20,0,\N
PLBK/INTRD/JTC,459,2388,0,5,24,INNER TIE ROD JTC,0,Active,11/23/2018 11:20,0,\N
PLBK/INTRD/BRITOOL,460,2388,0,5,24,INNER TIE ROD BRITOOL,0,Active,11/23/2018 11:20,0,\N
PLBK/JCKST/NN,461,2388,0,5,24,JACK STAND 3 TON,0,Active,11/23/2018 11:20,0,\N
PLBK/JCKST/KOALA,462,2388,0,5,24,JACK STAND 3 TON KOALA,0,Active,11/23/2018 11:20,0,\N
PLBK/JCKST/TEKIRO,463,2388,0,5,24,JACK STAND 3 TON TEKIRO,0,Active,11/23/2018 11:20,0,\N
PLBK/JCKST/ATS,464,2388,0,5,24,JACK STAND 3 TON ATS,0,Active,11/23/2018 11:20,0,\N
PLBK/KBLJM/NN,465,2388,0,5,24,KABEL JUMPER,0,Active,11/23/2018 11:20,0,\N
PLBK/KCMTK/NN,466,2388,0,5,24,KACAMATA KERJA,0,Active,11/23/2018 11:20,0,\N
PLBK/KRJBJ/ROVEGA,467,2388,0,5,24,KERANJANG BELANJA ROVEGA,0,Active,11/23/2018 11:20,0,\N
PLBK/KRJBJ/LEISURE,468,2388,0,5,24,KERANJANG BELANJA LEISURE,0,Active,11/23/2018 11:20,0,\N
PLBK/KRJBJ/NN,469,2388,0,5,24,KERANJANG BELANJA,0,Active,11/23/2018 11:20,0,\N
PLAD/KALK/CITIZEN/SD,470,2388,0,10,24,KALKULATOR CITIZEN SDC 868 L,0,Active,11/23/2018 11:20,0,\N
PLAD/KALK/CITIZEN/CT,471,2388,0,10,24,KALKULATOR CITIZEN CT600,0,Active,11/23/2018 11:20,0,\N
PLAD/KALK/CITIZEN/JO,472,2388,0,10,24,KALKULATOR CITIZEN JOYCO,0,Active,11/23/2018 11:20,0,\N
PLBK/PUACH/NN/SET,473,2388,0,5,24,PUNCH AND CHISEL,0,Active,11/23/2018 11:20,0,\N
PLBK/PUACH/TEKIRO/SE,474,2388,0,5,24,PUNCH AND CHISEL TEKIRO,0,Active,11/23/2018 11:20,0,\N
PLBK/PUACH/WERKLINE/,475,2388,0,5,24,PUNCH AND CHISEL WERKLINE,0,Active,11/23/2018 11:20,0,\N
PLBK/KTP3K/P3K,476,2388,0,5,24,KOTAK P3K,0,Active,11/23/2018 11:20,0,\N
TKR/KNC/SG6,477,2388,0,5,24,Tekiro Kunci Sok Segienam 36,0,Active,11/23/2018 11:20,0,\N
PLBK/MGNSP/KTC/16,478,2388,0,5,24,MAGNETIC SPARK PLUG 16 KTC,0,Active,11/23/2018 11:20,0,\N
PLBK/MGNSP/TEKIRO/16,479,2388,0,5,24,MAGNETIC SPARK PLUG 16 TEKIRO,0,Active,11/23/2018 11:20,0,\N
PLBK/MGNSP/TEKIRO/18,480,2388,0,5,24,MAGNETIC SPARK PLUG 18 TEKIRO,0,Active,11/23/2018 11:20,0,\N
PLBK/MGNSP/TEKIRO/21,481,2388,0,5,24,MAGNETIC SPARK PLUG 21 TEKIRO,0,Active,11/23/2018 11:20,0,\N
PLBK/MGSP/KTC/21,482,2388,0,5,24,MAGNETIC SPARK PLUG 21 KTC,0,Active,11/23/2018 11:20,0,\N
PLBK/OFWTW/NN,483,2388,0,5,24,OIL FILTER WRENCH TWO WAY,0,Active,11/23/2018 11:20,0,\N
PLBK/OFWTW/KTC,484,2388,0,5,24,OIL FILTER WRENCH TWO WAY KTC,0,Active,11/23/2018 11:20,0,\N
PLBK/OFWTW/TEKIRO,485,2388,0,5,24,OIL FILTER WRENCH TWO WAY TEKIRO,0,Active,11/23/2018 11:20,0,\N
PLBK/OIFCH/TEKIRO,486,2388,0,5,24,OIL FILTER WRENCH CHAIN,0,Active,11/23/2018 11:20,0,\N
PLBK/OFWCH/KTC,487,2388,0,5,24,OIL FILTER WRENCH CHAIN KTC,0,Active,11/23/2018 11:20,0,\N
PLBK/OIFBL/TEKIRO,488,2388,0,5,24,OIL FILTER WRENCH BELT,0,Active,11/23/2018 11:20,0,\N
PLBK/OFBWL/NN/SET,489,2388,0,5,24,OIL FILTER BOWL,0,Active,11/23/2018 11:20,0,\N
PLBK/OFBWL/TEKIRO/47,490,2388,0,5,24,OIL FILTER BOWL 47 TEKIRO,0,Active,11/23/2018 11:20,0,\N
PLBK/OFBWL/TEKIRO/49,491,2388,0,5,24,OIL FILTER BOWL 49 TEKIRO,0,Active,11/23/2018 11:20,0,\N
PLBK/OFBWL/NN/63,492,2388,0,5,24,OIL FILTER BOWL 63,0,Active,11/23/2018 11:20,0,\N
PLBK/OFBWL/NN/65.5,493,2388,0,5,24,"OIL FILTER BOWL 65,5",0,Active,11/23/2018 11:20,0,\N
PLBK/OFBWL/NN/72,494,2388,0,5,24,OIL FILTER BOWL 72,0,Active,11/23/2018 11:20,0,\N
PLBK/OFBWL/NN/66,495,2388,0,5,24,OIL FILTER BOWL 66,0,Active,11/23/2018 11:20,0,\N
PLBK/OFBWL/NN/74,496,2388,0,5,24,OIL FILTER BOWL 74,0,Active,11/23/2018 11:20,0,\N
PLBK/OFBWL/NN/79,497,2388,0,5,24,OIL FILTER BOWL 79,0,Active,11/23/2018 11:20,0,\N
PLBK/OFBWL/KTC/79,498,2388,0,5,24,OIL FILTER BOWL 79 KTC,0,Active,11/23/2018 11:20,0,\N
PLBK/OFBWL/NN/79.5,499,2388,0,5,24,"OIL FILTER BOWL 79,5",0,Active,11/23/2018 11:20,0,\N
PLBK/OFBWL/NN/89,500,2388,0,5,24,OIL FILTER BOWL 89,0,Active,11/23/2018 11:20,0,\N
PLBK/OFBWL/NN/92,501,2388,0,5,24,OIL FILTER BOWL 92,0,Active,11/23/2018 11:20,0,\N
PLBK/OFBWL/KTC/79,502,2388,0,5,24,OIL FILTER BOWL 92 KTC,0,Active,11/23/2018 11:20,0,\N
PLBK/OFBWL/NN/94.5,503,2388,0,5,24,"OIL FILTER BOWL 94,5",0,Active,11/23/2018 11:20,0,\N
PLBK/OFBWL/NN/99,504,2388,0,5,24,OIL FILTER BOWL 99,0,Active,11/23/2018 11:20,0,\N
PLBK/OFBWL/KTC/SET,505,2388,0,5,24,OIL FILTER BOWL KTC,0,Active,11/23/2018 11:20,0,\N
PLBK/OFBWL/TEKIRO/SE,506,2388,0,5,24,OIL FILTER BOWL TEKIRO,0,Active,11/23/2018 11:20,0,\N
PLBK/OFBWL/WOLFSHEAD,507,2388,0,5,24,OIL FILTER BOWL WOLFS HEAD,0,Active,11/23/2018 11:20,0,\N
PLBK/ADJWR/KTC/250,508,2388,0,5,24,ADJUSTABLE WRENCH 250MM KTC,0,Active,11/23/2018 11:20,0,\N
PLBK/ADJWR/TEKIRO/25,509,2388,0,5,24,ADJUSTABLE WRENCH 250MM TEKIRO,0,Active,11/23/2018 11:20,0,\N
PLBK/ADJWR/STANLEY/2,510,2388,0,5,24,ADJUSTABLE WRENCH 250MM STANLEY,0,Active,11/23/2018 11:20,0,\N
PLBK/ADJWR/KTC/300,511,2388,0,5,24,ADJUSTABLE WRENCH 300MM KTC,0,Active,11/23/2018 11:20,0,\N
PLBK/ADJWR/TEKIRO/30,512,2388,0,5,24,ADJUSTABLE WRENCH 300MM TEKIRO,0,Active,11/23/2018 11:20,0,\N
PLBK/ADJWR/TEKIRO/37,513,2388,0,5,24,ADJUSTABLE WRENCH 375MM TEKIRO,0,Active,11/23/2018 11:20,0,\N
PLBK/ADJWR/KTC/375,514,2388,0,5,24,ADJUSTABLE WRENCH 375MM KTC,0,Active,11/23/2018 11:20,0,\N
PLBK/ADJWR/TEKIRO/60,515,2388,0,5,24,ADJUSTABLE WRENCH 600MM TEKIRO,0,Active,11/23/2018 11:20,0,\N
PLBK/ADJWR/NN,516,2388,0,5,24,ADJUSTABLE WRENCH,0,Active,11/23/2018 11:20,0,\N
PLBK/ADJWR/LIPRO,517,2388,0,5,24,ADJUSTABLE WRENCH LIPRO,0,Active,11/23/2018 11:20,0,\N
PLBK/ADJWR/MULTIPRO,518,2388,0,5,24,ADJUSTABLE WRENCH MULTIPRO,0,Active,11/23/2018 11:20,0,\N
PLBK/ADJWR/FACOM,519,2388,0,5,24,ADJUSTABLE WRENCH FACOM,0,Active,11/23/2018 11:20,0,\N
PLBK/ADJWR/KTC,520,2388,0,5,24,ADJUSTABLE WRENCH KTC,0,Active,11/23/2018 11:20,0,\N
PLBK/ADJWR/TEKIRO,521,2388,0,5,24,ADJUSTABLE WRENCH TEKIRO,0,Active,11/23/2018 11:20,0,\N
PLBK/TOXKL/TEKIRO,522,2388,0,5,24,TORX KEY LONG TEKIRO,0,Active,11/23/2018 11:20,0,\N
PLBK/TOXKL/TEKIRO/SE,523,2388,0,5,24,TORX KEY LONG TEKIRO,0,Active,11/23/2018 11:20,0,\N
PLBK/TOXKL/HIROSHI/S,524,2388,0,5,24,TORX KEY LONG HIROSHI,0,Active,11/23/2018 11:20,0,\N
PLBK/TOXKL/NN/SET,525,2388,0,5,24,TORX KEY LONG,0,Active,11/23/2018 11:20,0,\N
PLBK/BPHKL/CRV/SET,526,2388,0,5,24,BALL POINT HEX KEY LONG CRV,0,Active,11/23/2018 11:20,0,\N
PLBK/BPHKL/KTC/SET,527,2388,0,5,24,BALL POINT HEX KEY LONG KTC,0,Active,11/23/2018 11:20,0,\N
PLBK/BPHKL/NN/SET,528,2388,0,5,24,BALL POINT HEX KEY LONG,0,Active,11/23/2018 11:20,0,\N
PLBK/BPHKL/TEKIRO/SE,529,2388,0,5,24,BALL POINT HEX KEY LONG TEKIRO,0,Active,11/23/2018 11:20,0,\N
PLBK/HXSCB/NN,530,2388,0,5,24,HEX SOCKET BIT,0,Active,11/23/2018 11:20,0,\N
PLBK/TQWRC/NN,531,2388,0,5,24,TORQUE WRENCH,0,Active,11/23/2018 11:20,0,\N
PLBK/TQWRC/BRITOOL,532,2388,0,5,24,TORQUE WRENCH BRITOOL,0,Active,11/23/2018 11:20,0,\N
PLBK/TQWRC/TEKIRO,533,2388,0,5,24,TORQUE WRENCH TEKIRO,0,Active,11/23/2018 11:20,0,\N
PLBK/TQWRC/TOHNICHI,534,2388,0,5,24,TORQUE WRENCH TOHNICHI,0,Active,11/23/2018 11:20,0,\N
PLBK/FLRNT/KTC/1012,535,2388,0,5,24,FLARE NUT WRENCH 10x12 KTC,0,Active,11/23/2018 11:20,0,\N
PLBK/FLRNT/KTC/1417,536,2388,0,5,24,FLARE NUT WRENCH 14x17 KTC,0,Active,11/23/2018 11:20,0,\N
PLBK/FLRNT/TEKIRO/10,537,2388,0,5,24,FLARE NUT WRENCH 10x12 TEKIRO,0,Active,11/23/2018 11:20,0,\N
PLBK/FLRNT/TEKIRO/12,538,2388,0,5,24,FLARE NUT WRENCH 12x14 TEKIRO,0,Active,11/23/2018 11:20,0,\N
PLBK/FLRNT/FACOM/121,539,2388,0,5,24,FLARE NUT WRENCH 12x14 FACOM,0,Active,11/23/2018 11:20,0,\N
PLBK/FLRNT/TEKIRO/14,540,2388,0,5,24,FLARE NUT WRENCH 14x17 TEKIRO,0,Active,11/23/2018 11:20,0,\N
PLBK/FLRNT/OLW/1719,541,2388,0,5,24,FLARE NUT WRENCH 17x19 OLW,0,Active,11/23/2018 11:20,0,\N
PLBK/FLRNT/TEKIRO/08,542,2388,0,5,24,FLARE NUT WRENCH 8x10 TEKIRO,0,Active,11/23/2018 11:20,0,\N
PLBK/FLRNT/FACOM/081,543,2388,0,5,24,FLARE NUT WRENCH 8x10 FACOM,0,Active,11/23/2018 11:20,0,\N
PLBK/FLRNT/KTC,544,2388,0,5,24,FLARE NUT WRENCH KTC,0,Active,11/23/2018 11:20,0,\N
PLBK/FLRNT/TEKIRO/SE,545,2388,0,5,24,FLARE NUT WRENCH SET TEKIRO,0,Active,11/23/2018 11:20,0,\N
PLBK/4WCWR/NN,546,2388,0,5,24,4 WAY CROSS WRENCH,0,Active,11/23/2018 11:20,0,\N
PLBK/4WCWR/KRISBOW,547,2388,0,5,24,4 WAY CROSS WRENCH KRISBOW,0,Active,11/23/2018 11:20,0,\N
PLBK/4WCWR/TEKIRO,548,2388,0,5,24,4 WAY CROSS WRENCH TEKIRO,0,Active,11/23/2018 11:20,0,\N
PLBK/4WCWR/KTC,549,2388,0,5,24,4 WAY CROSS WRENCH KTC,0,Active,11/23/2018 11:20,0,\N
PLBK/4WCWR/KDR,550,2388,0,5,24,4 WAY CROSS WRENCH KDR,0,Active,11/23/2018 11:20,0,\N
PLBK/OPNWR/KTC/SET,551,2388,0,5,24,OPEN END WRENCH SET KTC,0,Active,11/23/2018 11:20,0,\N
PLBK/OPNWR/TEKIRO/SE,552,2388,0,5,24,OPEN END WRENCH SET,0,Active,11/23/2018 11:20,0,\N
PLBK/OPNWR/TEKIRO/14,553,2388,0,5,24,OPEN END WRENCH SET 14 17,0,Active,11/23/2018 11:20,0,\N
PLBK/OPNWR/TEKIRO/17,554,2388,0,5,24,OPEN END WRENCH SET 17 19,0,Active,11/23/2018 11:20,0,\N
PLBK/COMWR/KAGON/10,555,2388,0,5,24,COMBINATION WRENCH SUNK PANEL 10 KAGON,0,Active,11/23/2018 11:20,0,\N
PLBK/COMWR/NN/12,556,2388,0,5,24,COMBINATION WRENCH SUNK PANEL 12,0,Active,11/23/2018 11:20,0,\N
PLBK/COMWR/TONGLITOO,557,2388,0,5,24,COMBINATION WRENCH SUNK PANEL 12 TONGLI TOOL,0,Active,11/23/2018 11:20,0,\N
PLBK/COMWR/NN/13,558,2388,0,5,24,COMBINATION WRENCH SUNK PANEL 13,0,Active,11/23/2018 11:20,0,\N
PLBK/COMWR/NN/14,559,2388,0,5,24,COMBINATION WRENCH SUNK PANEL 14,0,Active,11/23/2018 11:20,0,\N
PLBK/COMWR/NN/17,560,2388,0,5,24,COMBINATION WRENCH SUNK PANEL 17,0,Active,11/23/2018 11:20,0,\N
PLBK/COMWR/KTC/10,561,2388,0,5,24,COMBINATION WRENCH SUNK PANEL 10 KTC,0,Active,11/23/2018 11:20,0,\N
PLBK/COMWR/KTC/11,562,2388,0,5,24,COMBINATION WRENCH SUNK PANEL 11 KTC,0,Active,11/23/2018 11:20,0,\N
PLBK/COMWR/KTC/12,563,2388,0,5,24,COMBINATION WRENCH SUNK PANEL 12 KTC,0,Active,11/23/2018 11:20,0,\N
PLBK/COMWR/KTC/13,564,2388,0,5,24,COMBINATION WRENCH SUNK PANEL 13 KTC,0,Active,11/23/2018 11:20,0,\N
PLBK/COMWR/TEKIRO/13,565,2388,0,5,24,COMBINATION WRENCH SUNK PANEL 13 TEKIRO,0,Active,11/23/2018 11:20,0,\N
PLBK/COMWR/TEKIRO/14,566,2388,0,5,24,COMBINATION WRENCH SUNK PANEL 14 TEKIRO,0,Active,11/23/2018 11:20,0,\N
PLBK/COMWR/VENUS/14,567,2388,0,5,24,COMBINATION WRENCH SUNK PANEL 14 VENUS,0,Active,11/23/2018 11:20,0,\N
PLBK/COMWR/KTC/14,568,2388,0,5,24,COMBINATION WRENCH SUNK PANEL 14 KTC,0,Active,11/23/2018 11:20,0,\N
PLBK/COMWR/TEKIRO/15,569,2388,0,5,24,COMBINATION WRENCH SUNK PANEL 15 TEKIRO,0,Active,11/23/2018 11:20,0,\N
PLBK/COMWR/KTC/15,570,2388,0,5,24,COMBINATION WRENCH SUNK PANEL 15 KTC,0,Active,11/23/2018 11:20,0,\N
PLBK/COMWR/TEKIRO/16,571,2388,0,5,24,COMBINATION WRENCH SUNK PANEL 16 TEKIRO,0,Active,11/23/2018 11:20,0,\N
PLBK/COMWR/KTC/16,572,2388,0,5,24,COMBINATION WRENCH SUNK PANEL 16 KTC,0,Active,11/23/2018 11:20,0,\N
PLBK/COMWR/KTC/17,573,2388,0,5,24,COMBINATION WRENCH SUNK PANEL 17 KTC,0,Active,11/23/2018 11:20,0,\N
PLBK/COMWR/TEKIRO/17,574,2388,0,5,24,COMBINATION WRENCH SUNK PANEL 17 TEKIRO,0,Active,11/23/2018 11:20,0,\N
PLBK/COMWR/KTC/18,575,2388,0,5,24,COMBINATION WRENCH SUNK PANEL 18 KTC,0,Active,11/23/2018 11:20,0,\N
PLBK/COMWR/TEKIRO/18,576,2388,0,5,24,COMBINATION WRENCH SUNK PANEL 18 TEKIRO,0,Active,11/23/2018 11:20,0,\N
PLBK/COMWR/KTC/19,577,2388,0,5,24,COMBINATION WRENCH SUNK PANEL 19 KTC,0,Active,11/23/2018 11:20,0,\N
PLBK/COMWR/TEKIRO/19,578,2388,0,5,24,COMBINATION WRENCH SUNK PANEL 19 TEKIRO,0,Active,11/23/2018 11:20,0,\N
PLBK/COMWR/KTC/21,579,2388,0,5,24,COMBINATION WRENCH SUNK PANEL 21 KTC,0,Active,11/23/2018 11:20,0,\N
PLBK/COMWR/KTC/22,580,2388,0,5,24,COMBINATION WRENCH SUNK PANEL 22 KTC,0,Active,11/23/2018 11:20,0,\N
PLBK/COMWR/KTC/24,581,2388,0,5,24,COMBINATION WRENCH SUNK PANEL 24 KTC,0,Active,11/23/2018 11:20,0,\N
PLBK/COMWR/KTC/27,582,2388,0,5,24,COMBINATION WRENCH SUNK PANEL 27 KTC,0,Active,11/23/2018 11:20,0,\N
PLBK/COMWR/KTC/30,583,2388,0,5,24,COMBINATION WRENCH SUNK PANEL 30 KTC,0,Active,11/23/2018 11:20,0,\N
PLBK/COMWR/ATS/32,584,2388,0,5,24,COMBINATION WRENCH SUNK PANEL 32 ATS,0,Active,11/23/2018 11:20,0,\N
PLBK/COMWR/KTC/07,585,2388,0,5,24,COMBINATION WRENCH SUNK PANEL 07 KTC,0,Active,11/23/2018 11:20,0,\N
PLBK/COMWR/KTC/08,586,2388,0,5,24,COMBINATION WRENCH SUNK PANEL 08 KTC,0,Active,11/23/2018 11:20,0,\N
PLBK/COMWR/TEKIRO/24,587,2388,0,5,24,COMBINATION WRENCH SUNK PANEL 24 TEKIRO,0,Active,11/23/2018 11:20,0,\N
PLBK/COMWR/TEKIRO/27,588,2388,0,5,24,COMBINATION WRENCH SUNK PANEL 27 TEKIRO,0,Active,11/23/2018 11:20,0,\N
PLBK/COMWR/TEKIRO/30,589,2388,0,5,24,COMBINATION WRENCH SUNK PANEL 30 TEKIRO,0,Active,11/23/2018 11:20,0,\N
PLBK/COMWR/TEKIRO/32,590,2388,0,5,24,COMBINATION WRENCH SUNK PANEL 32 TEKIRO,0,Active,11/23/2018 11:20,0,\N
PLBK/COMWR/KTC/SET,591,2388,0,5,24,COMBINATION WRENCH SUNK PANEL SET KTC,0,Active,11/23/2018 11:20,0,\N
PLBK/COMWR/TEKIRO/SE,592,2388,0,5,24,COMBINATION WRENCH SUNK PANEL SET TEKIRO,0,Active,11/23/2018 11:20,0,\N
PLBK/COMWR/TEK/SET,593,2388,0,5,24,COMBINATION WRENCH SUNK PANEL SET KTC,0,Active,11/23/2018 11:20,0,\N
PLBK/COMWR/FACOM/SET,594,2388,0,5,24,COMBINATION WRENCH SUNK PANEL SET FACOM,0,Active,11/23/2018 11:20,0,\N
PLBK/KCPTB/TEKIRO,595,2388,0,5,24,KUNCI PENTIL BAN TEKIRO,0,Active,11/23/2018 11:20,0,\N
PLBK/COMWR/LIPRO/SET,596,2388,0,5,24,COMBINATION WRENCH SUNK PANEL SET LIPRO,0,Active,11/23/2018 11:20,0,\N
PLBK/PIPWR/HEAVYDUTY,597,2388,0,5,24,PIPE WRENCH HEAVY DUTY,0,Active,11/23/2018 11:20,0,\N
PLBK/PIPWR/KTC,598,2388,0,5,24,PIPE WRENCH KTC,0,Active,11/23/2018 11:20,0,\N
PLBK/PIPWR/TEKIRO,599,2388,0,5,24,PIPE WRENCH TEKIRO,0,Active,11/23/2018 11:20,0,\N
PLBK/PIPWR/AMERICANT,600,2388,0,5,24,PIPE WRENCH AMERICAN TOOL,0,Active,11/23/2018 11:20,0,\N
PLBK/PIPWR/KRISBOW,601,2388,0,5,24,PIPE WRENCH KRISBOW,0,Active,11/23/2018 11:20,0,\N
PLBK/OFFWR/MAXPOWER/,602,2388,0,5,24,OFFSET WRENCH 10 & 12 MAX POWER,0,Active,11/23/2018 11:20,0,\N
PLBK/OFFWR/TEKIRO/10,603,2388,0,5,24,OFFSET WRENCH 10 & 11 TEKIRO,0,Active,11/23/2018 11:20,0,\N
PLBK/OFFWR/KTC/1113,604,2388,0,5,24,OFFSET WRENCH 11 & 13 KTC,0,Active,11/23/2018 11:20,0,\N
PLBK/OFFWR/NN/1213,605,2388,0,5,24,OFFSET WRENCH 12 & 13,0,Active,11/23/2018 11:20,0,\N
PLBK/OFFWR/TEKIRO/12,606,2388,0,5,24,OFFSET WRENCH 12 & 13 TEKIRO,0,Active,11/23/2018 11:20,0,\N
PLBK/OFFWR/KTC/1214,607,2388,0,5,24,OFFSET WRENCH 12 & 14 KTC,0,Active,11/23/2018 11:20,0,\N
PLBK/OFFWR/NN/1315,608,2388,0,5,24,OFFSET WRENCH 13 & 15,0,Active,11/23/2018 11:20,0,\N
PLBK/OFFWR/ATS/1415,609,2388,0,5,24,OFFSET WRENCH 14 & 15 ATS,0,Active,11/23/2018 11:20,0,\N
PLBK/OFFWR/NN/1415,610,2388,0,5,24,OFFSET WRENCH 14 & 15,0,Active,11/23/2018 11:20,0,\N
PLBK/OFFWR/KTC/1417,611,2388,0,5,24,OFFSET WRENCH 14 & 17 KTC,0,Active,11/23/2018 11:20,0,\N
PLBK/OFFWRTEKIRO/141,612,2388,0,5,24,OFFSET WRENCH 14 & 17 TEKIRO,0,Active,11/23/2018 11:20,0,\N
PLBK/OFFWR/TEKIRO/16,613,2388,0,5,24,OFFSET WRENCH 16 & 17 TEKIRO,0,Active,11/23/2018 11:20,0,\N
PLBK/OFFWR/NN/1719,614,2388,0,5,24,OFFSET WRENCH 17 & 19,0,Active,11/23/2018 11:20,0,\N
PLBK/OFFWR/TEKIRO/17,615,2388,0,5,24,OFFSET WRENCH 17 & 19 TEKIRO,0,Active,11/23/2018 11:20,0,\N
PLBK/OFFWR/KTC/1719,616,2388,0,5,24,OFFSET WRENCH 17 & 19 KTC,0,Active,11/23/2018 11:20,0,\N
PLBK/OFFWR/KTC/1921,617,2388,0,5,24,OFFSET WRENCH 19 & 21 KTC,0,Active,11/23/2018 11:20,0,\N
PLBK/OFFWR/NN/1921,618,2388,0,5,24,OFFSET WRENCH 19 & 21,0,Active,11/23/2018 11:20,0,\N
PLBK/OFFWR/KTC/2024,619,2388,0,5,24,OFFSET WRENCH 20 & 24 KTC,0,Active,11/23/2018 11:20,0,\N
PLBK/OFFWR/NN/2123,620,2388,0,5,24,OFFSET WRENCH 21 & 23,0,Active,11/23/2018 11:20,0,\N
PLBK/OFFWR/KTC/2224,621,2388,0,5,24,OFFSET WRENCH 22 & 24 KTC,0,Active,11/23/2018 11:20,0,\N
PLBK/OFFWR/NN/2224,622,2388,0,5,24,OFFSET WRENCH 22 & 24,0,Active,11/23/2018 11:20,0,\N
PLBK/OFFWR/TEKIRO/22,623,2388,0,5,24,OFFSET WRENCH 22 & 24 TEKIRO,0,Active,11/23/2018 11:20,0,\N
PLBK/OFFWR/KTC/2427,624,2388,0,5,24,OFFSET WRENCH 24 & 27 KTC,0,Active,11/23/2018 11:20,0,\N
PLBK/OFFWR/NN/2427,625,2388,0,5,24,OFFSET WRENCH 24 & 27,0,Active,11/23/2018 11:20,0,\N
PLBK/OFFWR/TEKIRO/24,626,2388,0,5,24,OFFSET WRENCH 24 & 27 TEKIRO,0,Active,11/23/2018 11:20,0,\N
PLBK/OFFWR/TEKIRO/25,627,2388,0,5,24,OFFSET WRENCH 25 & 28 TEKIRO,0,Active,11/23/2018 11:20,0,\N
PLBK/OFFWR/NN/2528,628,2388,0,5,24,OFFSET WRENCH 25 & 28,0,Active,11/23/2018 11:20,0,\N
PLBK/OFFWR/KTC/3032,629,2388,0,5,24,OFFSET WRENCH 30 & 32 KTC,0,Active,11/23/2018 11:20,0,\N
PLBK/OFFWR/TEKIRO/30,630,2388,0,5,24,OFFSET WRENCH 30 & 32 TEKIRO,0,Active,11/23/2018 11:20,0,\N
PLBK/OFFWR/NN/3032,631,2388,0,5,24,OFFSET WRENCH 30 & 32,0,Active,11/23/2018 11:20,0,\N
PLBK/OFFWR/KTC/0507,632,2388,0,5,24,OFFSET WRENCH 5 & 7 KTC,0,Active,11/23/2018 11:20,0,\N
PLBK/OFFWR/NN/0607,633,2388,0,5,24,OFFSET WRENCH 6 & 7,0,Active,11/23/2018 11:20,0,\N
PLBK/OFFWR/NN/0809,634,2388,0,5,24,OFFSET WRENCH 8 & 9,0,Active,11/23/2018 11:20,0,\N
PLBK/OFFWR/KTC/SET,635,2388,0,5,24,OFFSET WRENCH SET KTC,0,Active,11/23/2018 11:20,0,\N
PLBK/OFFWR/TEKIRO/SE,636,2388,0,5,24,OFFSET WRENCH SET Tekiro,0,Active,11/23/2018 11:20,0,\N
PLBK/OFFWR/NN/SET,637,2388,0,5,24,OFFSET WRENCH SET,0,Active,11/23/2018 11:20,0,\N
PLBK/SOCWR/FIREBIRD/,638,2388,0,5,24,SOCKET WRENCH 10 FIREBIRD,0,Active,11/23/2018 11:20,0,\N
PLBK/SOCWR/FIREBIRD/,639,2388,0,5,24,SOCKET WRENCH 13 FIREBIRD,0,Active,11/23/2018 11:20,0,\N
PLBK/SOCWR/IWT/36,640,2388,0,5,24,SOCKET WRENCH 36 IWT,0,Active,11/23/2018 11:20,0,\N
PLBK/SOCWR/IWT/42,641,2388,0,5,24,SOCKET WRENCH 42 IWT,0,Active,11/23/2018 11:20,0,\N
PLBK/SOCWR/TEKIRO/10,642,2388,0,5,24,SOCKET WRENCH 10 TEKIRO,0,Active,11/23/2018 11:20,0,\N
PLBK/SOCWR/TEKIRO/11,643,2388,0,5,24,SOCKET WRENCH 11 TEKIRO,0,Active,11/23/2018 11:20,0,\N
PLBK/SOCWR/TEKIRO/12,644,2388,0,5,24,SOCKET WRENCH 12 TEKIRO,0,Active,11/23/2018 11:20,0,\N
PLBK/SOCWR/TEKIRO/13,645,2388,0,5,24,SOCKET WRENCH 13 TEKIRO,0,Active,11/23/2018 11:20,0,\N
PLBK/SOCWR/TEKIRO/16,646,2388,0,5,24,SOCKET WRENCH 16 TEKIRO,0,Active,11/23/2018 11:20,0,\N
PLBK/SOCWR/TEKIRO/19,647,2388,0,5,24,SOCKET WRENCH 19 TEKIRO,0,Active,11/23/2018 11:20,0,\N
PLBK/SOCWR/TEKIRO/20,648,2388,0,5,24,SOCKET WRENCH 20.8 TEKIRO,0,Active,11/23/2018 11:20,0,\N
PLBK/SOCWR/TEKIRO/22,649,2388,0,5,24,SOCKET WRENCH 22 TEKIRO,0,Active,11/23/2018 11:20,0,\N
PLBK/SOCWR/TEKIRO/23,650,2388,0,5,24,SOCKET WRENCH 23 TEKIRO,0,Active,11/23/2018 11:20,0,\N
PLBK/SOCWR/TEKIRO/26,651,2388,0,5,24,SOCKET WRENCH 26 TEKIRO,0,Active,11/23/2018 11:20,0,\N
PLBK/SOCWR/TEKIRO/27,652,2388,0,5,24,SOCKET WRENCH 27 TEKIRO,0,Active,11/23/2018 11:20,0,\N
PLBK/SOCWR/TEKIRO/29,653,2388,0,5,24,SOCKET WRENCH 29 TEKIRO,0,Active,11/23/2018 11:20,0,\N
PLBK/SOCWR/KTC/10,654,2388,0,5,24,SOCKET WRENCH 10 KTC,0,Active,11/23/2018 11:20,0,\N
PLBK/SOCWR/KTC/11,655,2388,0,5,24,SOCKET WRENCH 11 KTC,0,Active,11/23/2018 11:20,0,\N
PLBK/SOCWR/KTC/12,656,2388,0,5,24,SOCKET WRENCH 12 KTC,0,Active,11/23/2018 11:20,0,\N
PLBK/SOCWR/KTC/13,657,2388,0,5,24,SOCKET WRENCH 13 KTC,0,Active,11/23/2018 11:20,0,\N
PLBK/SOCWR/KTC/15,658,2388,0,5,24,SOCKET WRENCH 15 KTC,0,Active,11/23/2018 11:20,0,\N
PLBK/SOCWR/KTC/16,659,2388,0,5,24,SOCKET WRENCH 16 KTC,0,Active,11/23/2018 11:20,0,\N
PLBK/SOCWR/KTC/18,660,2388,0,5,24,SOCKET WRENCH 18 KTC,0,Active,11/23/2018 11:20,0,\N
PLBK/SOCWR/KTC/21,661,2388,0,5,24,SOCKET WRENCH 21 KTC,0,Active,11/23/2018 11:20,0,\N
PLBK/SOCWR/KTC/22,662,2388,0,5,24,SOCKET WRENCH 22 KTC,0,Active,11/23/2018 11:20,0,\N
PLBK/SOCWR/KTC/23,663,2388,0,5,24,SOCKET WRENCH 23 KTC,0,Active,11/23/2018 11:20,0,\N
PLBK/SOCWR/KTC/24,664,2388,0,5,24,SOCKET WRENCH 24 KTC,0,Active,11/23/2018 11:20,0,\N
PLBK/SOCWR/KTC/26,665,2388,0,5,24,SOCKET WRENCH 26 KTC,0,Active,11/23/2018 11:20,0,\N
PLBK/SOCWR/KTC/27,666,2388,0,5,24,SOCKET WRENCH 27 KTC,0,Active,11/23/2018 11:20,0,\N
PLBK/SOCWR/KTC/29,667,2388,0,5,24,SOCKET WRENCH 29 KTC,0,Active,11/23/2018 11:20,0,\N
PLBK/SOCWR/KTC/30,668,2388,0,5,24,SOCKET WRENCH 30 KTC,0,Active,11/23/2018 11:20,0,\N
PLBK/SOCWR/KTC/32,669,2388,0,5,24,SOCKET WRENCH 32 KTC,0,Active,11/23/2018 11:20,0,\N
PLBK/SOCWR/TEKIRO/08,670,2388,0,5,24,SOCKET WRENCH 8 TEKIRO,0,Active,11/23/2018 11:20,0,\N
PLBK/SOCWR/NN/14,671,2388,0,5,24,SOCKET WRENCH 14,0,Active,11/23/2018 11:20,0,\N
PLBK/SOCWR/NN/16,672,2388,0,5,24,SOCKET WRENCH 16,0,Active,11/23/2018 11:20,0,\N
PLBK/SOCWR/NN/21,673,2388,0,5,24,SOCKET WRENCH 21,0,Active,11/23/2018 11:20,0,\N
PLBK/SOCWR/TEKIRO/14,674,2388,0,5,24,SOCKET WRENCH 14 TEKIRO,0,Active,11/23/2018 11:20,0,\N
PLBK/SOCWR/TEKIRO/17,675,2388,0,5,24,SOCKET WRENCH 17 TEKIRO,0,Active,11/23/2018 11:20,0,\N
PLBK/SOCWR/TEKIRO/18,676,2388,0,5,24,SOCKET WRENCH 18 TEKIRO,0,Active,11/23/2018 11:20,0,\N
PLBK/SOCWR/TEKIRO/21,677,2388,0,5,24,SOCKET WRENCH 21 TEKIRO,0,Active,11/23/2018 11:20,0,\N
PLBK/SOCWR/NN/32,678,2388,0,5,24,SOCKET WRENCH 32,0,Active,11/23/2018 11:20,0,\N
PLBK/SOCWR/NN/34,679,2388,0,5,24,SOCKET WRENCH 34,0,Active,11/23/2018 11:20,0,\N
PLBK/SOCWR/NN/36,680,2388,0,5,24,SOCKET WRENCH 36,0,Active,11/23/2018 11:20,0,\N
PLBK/SOCWR/TEKIRO/30,681,2388,0,5,24,SOCKET WRENCH 30 TEKIRO,0,Active,11/23/2018 11:20,0,\N
PLBK/SOCWR/TEKIRO/32,682,2388,0,5,24,SOCKET WRENCH 32 TEKIRO,0,Active,11/23/2018 11:20,0,\N
PLBK/SOCWR/TEKIRO/34,683,2388,0,5,24,SOCKET WRENCH 34 TEKIRO,0,Active,11/23/2018 11:20,0,\N
PLBK/SOCWR/TEKIRO/36,684,2388,0,5,24,SOCKET WRENCH 36 TEKIRO,0,Active,11/23/2018 11:20,0,\N
PLBK/SOCWR/NN/SET,685,2388,0,5,24,SOCKET WRENCH SET,0,Active,11/23/2018 11:20,0,\N
PLBK/SOCWR/KTC/SET,686,2388,0,5,24,SOCKET WRENCH SET KTC,0,Active,11/23/2018 11:20,0,\N
PLBK/SOCWR/TEKIRO/SE,687,2388,0,5,24,SOCKET WRENCH SET TEKIRO,0,Active,11/23/2018 11:20,0,\N
PLBK/SOCWR/FORCE/SET,688,2388,0,5,24,SOCKET WRENCH SET FORCE,0,Active,11/23/2018 11:20,0,\N
PLBK/SCWHF/TEKIRO/SE,689,2388,0,5,24,SOCKET WRENCH 1/2 SET TEKIRO,0,Active,11/23/2018 11:20,0,\N
PLBK/SCWHF/KTC/SET,690,2388,0,5,24,SOCKET WRENCH 1/2 SET KTC,0,Active,11/23/2018 11:20,0,\N
PLBK/SOCDW/NN/08,691,2388,0,5,24,SOCKET DEEP WALL 8,0,Active,11/23/2018 11:20,0,\N
PLBK/SOCDW/TEKIRO/12,692,2388,0,5,24,SOCKET DEEP WALL 12 TEKIRO,0,Active,11/23/2018 11:20,0,\N
PLBK/SOCDW/NN/10,693,2388,0,5,24,SOCKET DEEP WALL 10,0,Active,11/23/2018 11:20,0,\N
PLBK/SOCDW/NN/12,694,2388,0,5,24,SOCKET DEEP WALL 12,0,Active,11/23/2018 11:20,0,\N
PLBK/SOCDW/KTC/12,695,2388,0,5,24,SOCKET DEEP WALL 12 KTC,0,Active,11/23/2018 11:20,0,\N
PLBK/SOCDW/KTC/14,696,2388,0,5,24,SOCKET DEEP WALL 14 KTC,0,Active,11/23/2018 11:20,0,\N
PLBK/SOCDW/LIPRO/14,697,2388,0,5,24,SOCKET DEEP WALL 14 LIPRO,0,Active,11/23/2018 11:20,0,\N
PLBK/SOCDW/NN/14,698,2388,0,5,24,SOCKET DEEP WALL 14,0,Active,11/23/2018 11:20,0,\N
PLBK/SOCDW/TEKIRO/14,699,2388,0,5,24,SOCKET DEEP WALL 14 TEKIRO,0,Active,11/23/2018 11:20,0,\N
PLBK/SOCDW/NN/16,700,2388,0,5,24,SOCKET DEEP WALL 16,0,Active,11/23/2018 11:20,0,\N
PLBK/SOCDW/KTC/17,701,2388,0,5,24,SOCKET DEEP WALL 17 KTC,0,Active,11/23/2018 11:20,0,\N
PLBK/SOCDW/NN/17,702,2388,0,5,24,SOCKET DEEP WALL 17,0,Active,11/23/2018 11:20,0,\N
PLBK/SOCDW/KTC/19,703,2388,0,5,24,SOCKET DEEP WALL 19 KTC,0,Active,11/23/2018 11:20,0,\N
PLBK/SOCDW/TEKIRO/16,704,2388,0,5,24,SOCKET DEEP WALL 16 TEKIRO,0,Active,11/23/2018 11:20,0,\N
PLBK/SOCDW/TEKIRO/17,705,2388,0,5,24,SOCKET DEEP WALL 17 TEKIRO,0,Active,11/23/2018 11:20,0,\N
PLBK/SOCDW/NN/19,706,2388,0,5,24,SOCKET DEEP WALL 19,0,Active,11/23/2018 11:20,0,\N
PLBK/SOCDW/TEKIRO/19,707,2388,0,5,24,SOCKET DEEP WALL 19 TEKIRO,0,Active,11/23/2018 11:20,0,\N
PLBK/SOCDW/TEKIRO/21,708,2388,0,5,24,SOCKET DEEP WALL 21 TEKIRO,0,Active,11/23/2018 11:20,0,\N
PLBK/SOCDW/NN/21,709,2388,0,5,24,SOCKET DEEP WALL 21,0,Active,11/23/2018 11:20,0,\N
PLBK/SOCDW/NN,710,2388,0,5,24,SOCKET DEEP WALL,0,Active,11/23/2018 11:20,0,\N
TKR/SNP/RING/BUKA,711,2388,0,5,24,Tekiro Tang Snap Ring Buka,0,Active,11/23/2018 11:20,0,\N
PLBK/DIMPS/FACOM/22,712,2388,0,5,24,DEEP IMPACT SOCKET 22 FACOM,0,Active,11/23/2018 11:20,0,\N
PLBK/DIMPS/FACOM/24,713,2388,0,5,24,DEEP IMPACT SOCKET 24 FACOM,0,Active,11/23/2018 11:20,0,\N
PLBK/DIMPS/FACOM/27,714,2388,0,5,24,DEEP IMPACT SOCKET 27 FACOM,0,Active,11/23/2018 11:20,0,\N
PLBK/DIMPS/FACOM/36,715,2388,0,5,24,DEEP IMPACT SOCKET 36 FACOM,0,Active,11/23/2018 11:20,0,\N
PLBK/DIMPS/TEKIRO/17,716,2388,0,5,24,DEEP IMPACT SOCKET 17 TEKIRO,0,Active,11/23/2018 11:20,0,\N
PLBK/DIMPS/TEKIRO/19,717,2388,0,5,24,DEEP IMPACT SOCKET 19 TEKIRO,0,Active,11/23/2018 11:20,0,\N
PLBK/DIMPS/TEKIRO/21,718,2388,0,5,24,DEEP IMPACT SOCKET 21 TEKIRO,0,Active,11/23/2018 11:20,0,\N
PLBK/WHLWR/TEKIRO,719,2388,0,5,24,WHEEL WRENCH TEKIRO,0,Active,11/23/2018 11:20,0,\N
PLBK/WHLWR/MATSU,720,2388,0,5,24,WHEEL WRENCH MATSU,0,Active,11/23/2018 11:20,0,\N
PLBK/WHLWR/AMERICANT,721,2388,0,5,24,WHEEL WRENCH AMERICAN TOOL,0,Active,11/23/2018 11:20,0,\N
PLBK/WHLWR/KTC,722,2388,0,5,24,WHEEL WRENCH KTC,0,Active,11/23/2018 11:20,0,\N
PLBK/WHLWR/NN,723,2388,0,5,24,WHEEL WRENCH,0,Active,11/23/2018 11:20,0,\N
PLBK/TWREN/KTC/10,724,2388,0,5,24,T-TYPE WRENCH 10 KTC,0,Active,11/23/2018 11:20,0,\N
PLBK/TWREN/TEKIRO/10,725,2388,0,5,24,T-TYPE WRENCH 10 TEKIRO,0,Active,11/23/2018 11:20,0,\N
PLBK/TWREN/NN/10,726,2388,0,5,24,T-TYPE WRENCH 10,0,Active,11/23/2018 11:20,0,\N
PLBK/TWREN/KTC/12,727,2388,0,5,24,T-TYPE WRENCH 12 KTC,0,Active,11/23/2018 11:20,0,\N
PLBK/TWREN/TEKIRO/12,728,2388,0,5,24,T-TYPE WRENCH 12 TEKIRO,0,Active,11/23/2018 11:20,0,\N
PLBK/TWREN/NN/12,729,2388,0,5,24,T-TYPE WRENCH 12,0,Active,11/23/2018 11:20,0,\N
PLBK/TWREN/TEKIRO/14,730,2388,0,5,24,T-TYPE WRENCH 14 TEKIRO,0,Active,11/23/2018 11:20,0,\N
PLBK/TWREN/KTC/14,731,2388,0,5,24,T-TYPE WRENCH 14 KTC,0,Active,11/23/2018 11:20,0,\N
PLBK/TWREN/NN/14,732,2388,0,5,24,T-TYPE WRENCH 14,0,Active,11/23/2018 11:20,0,\N
PLBK/TWREN/TEKIRO/17,733,2388,0,5,24,T-TYPE WRENCH TEKIRO 17,0,Active,11/23/2018 11:20,0,\N
PLBK/TWREN/KTC/08,734,2388,0,5,24,T-TYPE WRENCH 8 KTC,0,Active,11/23/2018 11:20,0,\N
PLBK/TWREN/TEKIRO/08,735,2388,0,5,24,T-TYPE WRENCH TEKIRO 8,0,Active,11/23/2018 11:20,0,\N
PLBK/TWREN/NN/08,736,2388,0,5,24,T-TYPE WRENCH 8,0,Active,11/23/2018 11:20,0,\N
PLBK/TWREN/KTC/SET,737,2388,0,5,24,T-TYPE WRENCH SET KTC,0,Active,11/23/2018 11:20,0,\N
PLBK/TWREN/TEKIRO/SE,738,2388,0,5,24,T-TYPE WRENCH SET TEKIRO,0,Active,11/23/2018 11:20,0,\N
PLAD/KRSAD/NN,739,2388,0,10,24,KURSI ADMIN,0,Active,11/23/2018 11:20,0,\N
PLAD/KRSKB/NN,740,2388,0,10,24,KURSI KEPALA BENGKEL,0,Active,11/23/2018 11:20,0,\N
PLAD/KRSMH/NN,741,2388,0,10,24,KURSI MUSHOLLA,0,Active,11/23/2018 11:20,0,\N
PLAD/KRSMT/NN,742,2388,0,10,24,KURSI MEETING,0,Active,11/23/2018 11:20,0,\N
PLAD/KRSTR/NN,743,2388,0,10,24,KURSI TRAINING,0,Active,11/23/2018 11:20,0,\N
PLAD/KRSBR/NN,744,2388,0,10,24,KURSI CUSTOMER BAR,0,Active,11/23/2018 11:20,0,\N
PLAD/KRSSP/NN,745,2388,0,10,24,KURSI SATPAM,0,Active,11/23/2018 11:20,0,\N
PLAD/KRSSF/NN,746,2388,0,10,24,KURSI SOFA,0,Active,11/23/2018 11:20,0,\N
PLAD/KRSPJ/NN,747,2388,0,10,24,KURSI PIJAT,0,Active,11/23/2018 11:20,0,\N
PLAD/KRSTM/NN,748,2388,0,10,24,KURSI TAMU,0,Active,11/23/2018 11:20,0,\N
PLAD/LCBKS/NN,749,2388,0,10,24,LACI BERKAS,0,Active,11/23/2018 11:20,0,\N
PLBK/LMPKJ/NN,750,2388,0,5,24,LAMPU KERJA BENGKEL,0,Active,11/23/2018 11:20,0,\N
PLBK/LMPKJ/TEKIRO,751,2388,0,5,24,LAMPU KERJA BENGKEL TEKIRO,0,Active,11/23/2018 11:20,0,\N
PLBK/LMPKJ/CYBER,752,2388,0,5,24,LAMPU KERJA BENGKEL CYBER,0,Active,11/23/2018 11:20,0,\N
PLBK/LMPEG/KRISBOW,753,2388,0,5,24,LAMPU EMERGENCY KRISBOW,0,Active,11/23/2018 11:20,0,\N
PLAD/LMRMS/NN,754,2388,0,10,24,LEMARI MESS KARYAWAN,0,Active,11/23/2018 11:20,0,\N
PLAD/LMRMS/KRISBOW,755,2388,0,10,24,LEMARI MESS KARYAWAN KRISBOW,0,Active,11/23/2018 11:20,0,\N
PLBK/LMRFC/NN,756,2388,0,5,24,LEMARI FENDER COVER,0,Active,11/23/2018 11:20,0,\N
PLAD/LMRKB/NN,757,2388,0,10,24,LEMARI KEPALA BENGKEL,0,Active,11/23/2018 11:20,0,\N
PLAD/LMRDP/NN,758,2388,0,10,24,LEMARI DISPENSER,0,Active,11/23/2018 11:20,0,\N
PLBK/LMRST/NN,759,2388,0,5,24,LEMARI SST,0,Active,11/23/2018 11:20,0,\N
PLAD/LKRMS/NN,760,2388,0,10,24,LOKER MESS KARYAWAN,0,Active,11/23/2018 11:20,0,\N
PLAD/MJBLT/NN,761,2388,0,10,24,MEJA BULAT,0,Active,11/23/2018 11:20,0,\N
PLAD/MJKOP/NN,762,2388,0,10,24,MEJA KOPI,0,Active,11/23/2018 11:20,0,\N
PLBK/MJAKJ/NN,763,2388,0,5,24,MEJA KERJA BENGKEL,0,Active,11/23/2018 11:20,0,\N
PLBK/MJAKJ/GREENS,764,2388,0,5,24,MEJA KERJA BENGKEL GREENS,0,Active,11/23/2018 11:20,0,\N
PLAD/MJMET/NN,765,2388,0,10,24,MEJA MEETING,0,Active,11/23/2018 11:20,0,\N
PLAD/MJPTY/NN,766,2388,0,10,24,MEJA PANTRY,0,Active,11/23/2018 11:20,0,\N
PLAD/MJADM/NN,767,2388,0,10,24,MEJA ADMIN,0,Active,11/23/2018 11:20,0,\N
PLAD/MJSTP/NN,768,2388,0,10,24,MEJA SATPAM,0,Active,11/23/2018 11:20,0,\N
PLAD/MJSPR/NN,769,2388,0,10,24,MEJA SPAREPART,0,Active,11/23/2018 11:20,0,\N
PLAD/MJSPR/KRISBOW,770,2388,0,10,24,MEJA SPAREPART KRISBOW,0,Active,11/23/2018 11:20,0,\N
PLBK/ROOCB/KRISBOW,771,2388,0,5,24,ROOLER CABINET 4 DRAW KRISBOW,0,Active,11/23/2018 11:20,0,\N
PLBK/ROOCB/KERNEL,772,2388,0,5,24,ROOLER CABINET 4 DRAW KERNEL,0,Active,11/23/2018 11:20,0,\N
PLBK/ROOCB/NN,773,2388,0,5,24,ROOLER CABINET 4 DRAW,0,Active,11/23/2018 11:20,0,\N
PLBK/ROOCB/TEKIRO,774,2388,0,5,24,ROOLER CABINET 4 DRAW TEKIRO,0,Active,11/23/2018 11:20,0,\N
PLBK/MSPRG/NN,775,2388,0,5,24,MESIN PURGING DIESEL,0,Active,11/23/2018 11:20,0,\N
PLBK/MSPRG/BLUECHEM,776,2388,0,5,24,MESIN PURGING DIESEL BLUE CHEM,0,Active,11/23/2018 11:20,0,\N
MSBK/MSPLS/KRISBOW,777,2388,0,9,24,MESIN POLES,0,Active,11/23/2018 11:20,0,\N
MSBK/MSPLS/MAKITA/PV,778,2388,0,9,24,MESIN POLES MAKITA PV7000C,0,Active,11/23/2018 11:20,0,\N
MSBK/MSBBD/PROCUT/PF,779,2388,0,9,24,MESIN BUBUT DISK PRO CUT PFM 9.0,0,Active,11/23/2018 11:20,0,\N
MSBK/MSNCC/AQUA/QW78,780,2388,0,9,24,MESIN CUCI AQUA QW-781XT,0,Active,11/23/2018 11:20,0,\N
MSBK/MSNCC/SHARP/EST,781,2388,0,9,24,MESIN CUCI SHARP ES-T85MW,0,Active,11/23/2018 11:20,0,\N
PLBK/MSPRS/AUTOPROUP,782,2388,0,5,24,MESIN PRESS AUTO PRO UP,0,Active,11/23/2018 11:20,0,\N
PLBK/MSPRS/KERNEL,783,2388,0,5,24,MESIN PRESS KERNEL,0,Active,11/23/2018 11:20,0,\N
PLBK/MSPRS/HYDRAULIC,784,2388,0,5,24,MESIN PRESS HYDRAULIC PRESS,0,Active,11/23/2018 11:20,0,\N
PLBK/METRN/NN,785,2388,0,5,24,METERAN,0,Active,11/23/2018 11:20,0,\N
PLBK/METRN/LIANGJIN,786,2388,0,5,24,METERAN LIANGJIN,0,Active,11/23/2018 11:20,0,\N
PLBK/METRN/TEKIRO,787,2388,0,5,24,METERAN TEKIRO,0,Active,11/23/2018 11:20,0,\N
PLBK/METRN/TORA,788,2388,0,5,24,METERAN TORA,0,Active,11/23/2018 11:20,0,\N
PLBK/MICRF/NN,789,2388,0,5,24,MICROFON,0,Active,11/23/2018 11:20,0,\N
PLBK/MNCTS/NN,790,2388,0,5,24,MINI CLAMP TESTER,0,Active,11/23/2018 11:20,0,\N
PLAD/MNYDT/KRISBOW,791,2388,0,10,24,MONEY DETECTOR KRISBOW,0,Active,11/23/2018 11:20,0,\N
PLAD/MNYDT/NN,792,2388,0,10,24,MONEY DETECTOR,0,Active,11/23/2018 11:20,0,\N
PLBK/MLTST/KRISBOW,793,2388,0,5,24,MULTITESTER KRISBOW,0,Active,11/23/2018 11:20,0,\N
PLBK/MLTDG/SANWA,794,2388,0,5,24,MULTITESTER DIGITAL SANWA,0,Active,11/23/2018 11:20,0,\N
PLBK/MLTAG/SANWA,795,2388,0,5,24,MULTITESTER ANALOG SANWA,0,Active,11/23/2018 11:20,0,\N
PLBK/MNSCD/NN,796,2388,0,5,24,MINUS SCREWDRIVER,0,Active,11/23/2018 11:20,0,\N
PLBK/PLSCD/NN,797,2388,0,5,24,PLUS SCREWDRIVER,0,Active,11/23/2018 11:20,0,\N
PLBK/IMPDR/FACOM,798,2388,0,5,24,IMPACT DRIVER FACOM,0,Active,11/23/2018 11:20,0,\N
PLBK/IMPDR/TEKIRO,799,2388,0,5,24,IMPACT DRIVER TEKIRO,0,Active,11/23/2018 11:20,0,\N
PLBK/IMPDR/KTC,800,2388,0,5,24,IMPACT DRIVER KTC,0,Active,11/23/2018 11:20,0,\N
PLBK/IMPDR/NN,801,2388,0,5,24,IMPACT DRIVER,0,Active,11/23/2018 11:20,0,\N
PLBK/GTSCD/TEKIRO/SE,802,2388,0,5,24,GO THRU SCREWDRIVER TEKIRO,0,Active,11/23/2018 11:20,0,\N
PLBK/MNSCD/TEKIRO/SE,803,2388,0,5,24,MINUS SCREWDRIVER SET TEKIRO,0,Active,11/23/2018 11:20,0,\N
PLBK/PLSCD/TEKIRO/SE,804,2388,0,5,24,PLUS SCREWDRIVER SET TEKIRO,0,Active,11/23/2018 11:20,0,\N
PLBK/MNSCD/NN/SET,805,2388,0,5,24,MINUS SCREWDRIVER SET,0,Active,11/23/2018 11:20,0,\N
PLBK/SCSCW/SEDY,806,2388,0,5,24,SOCK SCREWDRIVER SEDY,0,Active,11/23/2018 11:20,0,\N
PLBK/SCSCW/TMC,807,2388,0,5,24,SOCK SCREWDRIVER TMC,0,Active,11/23/2018 11:20,0,\N
PLBK/SCSCW/TEKIRO,808,2388,0,5,24,SOCK SCREWDRIVER TEKIRO,0,Active,11/23/2018 11:20,0,\N
PLBK/OICNW/CLY,809,2388,0,5,24,OIL CAN CLY,0,Active,11/23/2018 11:20,0,\N
PLBK/OICNW/WERKLINE,810,2388,0,5,24,OIL CAN WERKLINE,0,Active,11/23/2018 11:20,0,\N
PLBK/OICNW/TEKIRO,811,2388,0,5,24,OIL CAN TEKIRO,0,Active,11/23/2018 11:20,0,\N
PLBK/OICNW/GLX,812,2388,0,5,24,OIL CAN GLX,0,Active,11/23/2018 11:20,0,\N
PLBK/OICNW/NN,813,2388,0,5,24,OIL CAN,0,Active,11/23/2018 11:20,0,\N
PLBK/HAMMR/TEKIRO,814,2388,0,5,24,HAMMER TEKIRO,0,Active,11/23/2018 11:20,0,\N
PLBK/HAMMR/KTC,815,2388,0,5,24,HAMMER KTC,0,Active,11/23/2018 11:20,0,\N
PLBK/HAMMR/TOMECO,816,2388,0,5,24,HAMMER TOMECO,0,Active,11/23/2018 11:20,0,\N
PLBK/HAMMR/NN,817,2388,0,5,24,HAMMER,0,Active,11/23/2018 11:20,0,\N
PLBK/PLHMR/NN,818,2388,0,5,24,PLASTIC HAMMER,0,Active,11/23/2018 11:20,0,\N
PLBK/PLHMR/TEKIRO,819,2388,0,5,24,PLASTIC HAMMER TEKIRO,0,Active,11/23/2018 11:20,0,\N
PLAD/PPNIN/NN,820,2388,0,10,24,PAPAN INFORMASI,0,Active,11/23/2018 11:20,0,\N
PLBK/PNMOI/YAMATAKA,821,2388,0,5,24,PENAMPUNG OLI YAMATAKA,0,Active,11/23/2018 11:20,0,\N
PLBK/PNGBS/NN,822,2388,0,5,24,PENGGARIS BESI,0,Active,11/23/2018 11:20,0,\N
PLBK/PRSCV/BOS,823,2388,0,5,24,PERSENELING COVER BOS,0,Active,11/23/2018 11:20,0,\N
PLBK/PSTRC/NN,824,2388,0,5,24,PISTON RING COMPRESSOR,0,Active,11/23/2018 11:20,0,\N
PLBK/PSTRC/TEKIRO,825,2388,0,5,24,PISTON RING COMPRESSOR TEKIRO,0,Active,11/23/2018 11:20,0,\N
MSBK/POMPA/SHIMIZU/J,826,2388,0,9,24,POMPA AIR SHIMIZU JET1088BIT,0,Active,11/23/2018 11:20,0,\N
MSBK/POMPA/SHIMIZU,827,2388,0,9,24,POMPA AIR SHIMIZU,0,Active,11/23/2018 11:20,0,\N
MSBK/POMPA/MORRIS,828,2388,0,9,24,POMPA AIR MORRIS,0,Active,11/23/2018 11:20,0,\N
MSBK/POMPA/WASSER,829,2388,0,9,24,POMPA AIR WASSER,0,Active,11/23/2018 11:20,0,\N
MSBK/POMPA/NN,830,2388,0,9,24,POMPA AIR,0,Active,11/23/2018 11:20,0,\N
MSBK/POMPA/GRUNFOS,831,2388,0,9,24,POMPA AIR GRUNFOS,0,Active,11/23/2018 11:20,0,\N
PLBK/GREGN/NN,832,2388,0,5,24,GREASE GUN,0,Active,11/23/2018 11:20,0,\N
PLBK/GREGN/TEKIRO,833,2388,0,5,24,GREASE GUN TEKIRO,0,Active,11/23/2018 11:20,0,\N
PLBK/HNOIP/NN,834,2388,0,5,24,HAND OIL PUMP,0,Active,11/23/2018 11:20,0,\N
PLBK/HNOIP/YAMASAKI,835,2388,0,5,24,HAND OIL PUMP YAMASAKI,0,Active,11/23/2018 11:20,0,\N
PLBK/HNOIP/TEKIRO,836,2388,0,5,24,HAND OIL PUMP TEKIRO,0,Active,11/23/2018 11:20,0,\N
PLBK/OISCG/NN,837,2388,0,5,24,OIL SUCTION GUN,0,Active,11/23/2018 11:20,0,\N
PLBK/OISCG/TEKIRO,838,2388,0,5,24,OIL SUCTION GUN TEKIRO,0,Active,11/23/2018 11:20,0,\N
PLBK/OISCG/WORKLINE,839,2388,0,5,24,OIL SUCTION GUN WORKLINE,0,Active,11/23/2018 11:20,0,\N
PLBK/BLJSP/TEKIRO,840,2388,0,5,24,BALL JOINT SEPARATOR TEKIRO,0,Active,11/23/2018 11:20,0,\N
PLBK/PRSAB/NN,841,2388,0,5,24,PRESS SOCK ABSORBER,0,Active,11/23/2018 11:20,0,\N
PLBK/RDPLT/KRISBOW,842,2388,0,5,24,RADIATOR PRESSURE TESTER KRISBOW,0,Active,11/23/2018 11:20,0,\N
PLBK/RDPLT/TEKIRO,843,2388,0,5,24,RADIATOR PRESSURE TESTER TEKIRO,0,Active,11/23/2018 11:20,0,\N
PLBK/RDPLT/NN,844,2388,0,5,24,RADIATOR PRESSURE TESTER,0,Active,11/23/2018 11:20,0,\N
PLBK/BNVAS/IRWIN,845,2388,0,5,24,BENCH VICE ALL STELL IRWIN,0,Active,11/23/2018 11:20,0,\N
PLBK/BNVAS/KRISBOW,846,2388,0,5,24,BENCH VICE ALL STELL KRISBOW,0,Active,11/23/2018 11:20,0,\N
PLBK/BNVAS/NN,847,2388,0,5,24,BENCH VICE ALL STELL,0,Active,11/23/2018 11:20,0,\N
PLBK/BNVAS/TEKIRO,848,2388,0,5,24,BENCH VICE ALL STELL TEKIRO,0,Active,11/23/2018 11:20,0,\N
PLBK/BNVAS/BOSCH,849,2388,0,5,24,BENCH VICE ALL STELL BOSCH,0,Active,11/23/2018 11:20,0,\N
PLAD/RAKDK/MALCA,850,2388,0,10,24,RAK DOKUMEN MALCA,0,Active,11/23/2018 11:20,0,\N
PLBK/RACHD/KTC,851,2388,0,5,24,RACHET HANDLE KTC,0,Active,11/23/2018 11:20,0,\N
PLBK/RACHD/TEKIRO,852,2388,0,5,24,RACHET HANDLE TEKIRO,0,Active,11/23/2018 11:20,0,\N
PLBK/FLXRC/FACOM,853,2388,0,5,24,FLEXIBLE HEAD RACHET,0,Active,11/23/2018 11:20,0,\N
PLBK/RACPJ/NN,854,2388,0,5,24,RACHET HANDLE PANJANG,0,Active,11/23/2018 11:20,0,\N
PLBK/RACSD/NN,855,2388,0,5,24,RACHET HANDLE SEDANG,0,Active,11/23/2018 11:20,0,\N
PLBK/RFGRC/HESBON/SP,856,2388,0,5,24,REFRIGERANT RECYCLER HESBON SPEED TOOL,0,Active,11/23/2018 11:20,0,\N
PLBK/RCECK/MAIHO,857,2388,0,5,24,RICE COOKER MAIHO,0,Active,11/23/2018 11:20,0,\N
PLBK/UNIJO/KTC,858,2388,0,5,24,UNIVERSAL JOINT KTC,0,Active,11/23/2018 11:20,0,\N
PLBK/UNIJO/FACOM,859,2388,0,5,24,UNIVERSAL JOINT FACOM,0,Active,11/23/2018 11:20,0,\N
PLBK/EXTBR/NN/75,860,2388,0,5,24,EXTENSION BAR 75,0,Active,11/23/2018 11:20,0,\N
PLBK/EXTBR/NN/150,861,2388,0,5,24,EXTENSION BAR 150,0,Active,11/23/2018 11:20,0,\N
PLBK/EXTBR/KTC/75,862,2388,0,5,24,EXTENSION BAR 75 KTC,0,Active,11/23/2018 11:20,0,\N
PLBK/EXTBR/KTC/150,863,2388,0,5,24,EXTENSION BAR 150 KTC,0,Active,11/23/2018 11:20,0,\N
PLBK/EXTBR/TEKIRO/75,864,2388,0,5,24,EXTENSION BAR 75 TEKIRO,0,Active,11/23/2018 11:20,0,\N
PLBK/EXTBR/TEKIRO/15,865,2388,0,5,24,EXTENSION BAR 150 TEKIRO,0,Active,11/23/2018 11:20,0,\N
PLBK/SEACV/BOS,866,2388,0,5,24,SEAT COVER BOS,0,Active,11/23/2018 11:20,0,\N
PLBK/SLGSP/NN,867,2388,0,5,24,SELANG SPIRAL,0,Active,11/23/2018 11:20,0,\N
PLBK/SENTR/NN,868,2388,0,5,24,SENTER,0,Active,11/23/2018 11:20,0,\N
PLBK/MATBR/NACHI,869,2388,0,5,24,MATA BOR NACHI,0,Active,11/23/2018 11:20,0,\N
PLBK/MATBR/TEKIRO,870,2388,0,5,24,MATA BOR TEKIRO,0,Active,11/23/2018 11:20,0,\N
PLBK/SCABS/NN,871,2388,0,5,24,SHOCK ABSORBER,0,Active,11/23/2018 11:20,0,\N
PLBK/VERCA/NN,872,2388,0,5,24,VERNIER CALIPER,0,Active,11/23/2018 11:20,0,\N
PLBK/VERCA/TEKIRO,873,2388,0,5,24,VERNIER CALIPER TEKIRO,0,Active,11/23/2018 11:20,0,\N
PLBK/VERCA/MITUTOYO,874,2388,0,5,24,VERNIER CALIPER MITUTOYO,0,Active,11/23/2018 11:20,0,\N
PLBK/SLEPR/TEKIRO,875,2388,0,5,24,SLEEPER TEKIRO,0,Active,11/23/2018 11:20,0,\N
PLBK/SLDTH/TEKIRO,876,2388,0,5,24,SLEEDING TEE HANDLE 1/2,0,Active,11/23/2018 11:20,0,\N
PLBK/FLNJW/TEKIRO,877,2388,0,5,24,FLANGE AXLE AND JAW PULLER TEKIRO,0,Active,11/23/2018 11:20,0,\N
PLBK/FLNJW/JTC,878,2388,0,5,24,FLANGE AXLE AND JAW PULLER JTC,0,Active,11/23/2018 11:20,0,\N
PLBK/FLNJW/NN,879,2388,0,5,24,FLANGE AXLE AND JAW PULLER,0,Active,11/23/2018 11:20,0,\N
PLBK/SNPRP/TEKIRO/EB,880,2388,0,5,24,SNAP RING PLIER EB TEKIRO,0,Active,11/23/2018 11:20,0,\N
PLBK/SNPRP/TEKIRO/ES,881,2388,0,5,24,SNAP RING PLIER ES TEKIRO,0,Active,11/23/2018 11:20,0,\N
PLBK/SNPRP/TEKIRO/IB,882,2388,0,5,24,SNAP RING PLIER IB TEKIRO,0,Active,11/23/2018 11:20,0,\N
PLBK/SNPRP/TEKIRO/IS,883,2388,0,5,24,SNAP RING PLIER IS TEKIRO,0,Active,11/23/2018 11:20,0,\N
PLBK/SNPRP/KTC/EB,884,2388,0,5,24,SNAP RING PLIER EB KTC,0,Active,11/23/2018 11:20,0,\N
PLBK/SNPRP/KTC/ES,885,2388,0,5,24,SNAP RING PLIER ES KTC,0,Active,11/23/2018 11:20,0,\N
PLBK/SNPRP/KTC/IB,886,2388,0,5,24,SNAP RING PLIER IB KTC,0,Active,11/23/2018 11:20,0,\N
PLBK/SNPRP/KTC/IS,887,2388,0,5,24,SNAP RING PLIER IS KTC,0,Active,11/23/2018 11:20,0,\N
PLBK/SNPRP/FACOM/EB,888,2388,0,5,24,SNAP RING PLIER EB FACOM,0,Active,11/23/2018 11:20,0,\N
PLBK/SNPRP/FACOM/ES,889,2388,0,5,24,SNAP RING PLIER ES FACOM,0,Active,11/23/2018 11:20,0,\N
PLBK/SNPRP/FACOM/IB,890,2388,0,5,24,SNAP RING PLIER IB FACOM,0,Active,11/23/2018 11:20,0,\N
PLBK/SNPRP/FACOM/IS,891,2388,0,5,24,SNAP RING PLIER IS FACOM,0,Active,11/23/2018 11:20,0,\N
PLBK/SOCAD/TEKIRO,892,2388,0,5,24,SOCKET ADAPTOR TEKIRO,0,Active,11/23/2018 11:20,0,\N
MSBK/SOLDR/NN,893,2388,0,9,24,SOLDER,0,Active,11/23/2018 11:20,0,\N
MSBK/SOLDR/VIPER,894,2388,0,9,24,SOLDER VIPER,0,Active,11/23/2018 11:20,0,\N
MSBK/SOLDR/ROCIA,895,2388,0,9,24,SOLDER ROCIA,0,Active,11/23/2018 11:20,0,\N
PLBK/SPEAK/NN,896,2388,0,5,24,SPEAKER,0,Active,11/23/2018 11:20,0,\N
PLBK/STRCV/BOS,897,2388,0,5,24,STEER COVER BOS,0,Active,11/23/2018 11:20,0,\N
PLBK/STTMS/NN,898,2388,0,5,24,STETOSKOP MESIN,0,Active,11/23/2018 11:20,0,\N
PLBK/STTMS/TAIYO,899,2388,0,5,24,STETOSKOP MESIN TAIYO,0,Active,11/23/2018 11:20,0,\N
PLBK/MGNPL/FACOM,900,2388,0,5,24,MAGNETIC PLUNGER FACOM,0,Active,11/23/2018 11:20,0,\N
PLBK/MGNPL/KTC,901,2388,0,5,24,MAGNETIC PLUNGER KTC,0,Active,11/23/2018 11:20,0,\N
PLBK/MGNPL/NN,902,2388,0,5,24,MAGNETIC PLUNGER,0,Active,11/23/2018 11:20,0,\N
PLBK/MGNPL/SELLERY,903,2388,0,5,24,MAGNETIC PLUNGER SELLERY,0,Active,11/23/2018 11:20,0,\N
PLBK/MGNPL/TEKIRO,904,2388,0,5,24,MAGNETIC PLUNGER TEKIRO,0,Active,11/23/2018 11:20,0,\N
PLBK/TNGAM/SANWA,905,2388,0,5,24,TANG AMPERE SANWA,0,Active,11/23/2018 11:20,0,\N
PLBK/CRMTW/NN,906,2388,0,5,24,CRIMPING TOOLS WIRE,0,Active,11/23/2018 11:20,0,\N
PLBK/CRMTWTEKIRO,907,2388,0,5,24,CRIMPING TOOLS WIRE TEKIRO,0,Active,11/23/2018 11:20,0,\N
PLBK/CRMTW/SELLERY,908,2388,0,5,24,CRIMPING TOOLS WIRE SELLERY,0,Active,11/23/2018 11:20,0,\N
PLBK/LINSP/NN,909,2388,0,5,24,LINESMAN PLIER,0,Active,11/23/2018 11:20,0,\N
PLBK/LINSP/KTC,910,2388,0,5,24,LINESMAN PLIER,0,Active,11/23/2018 11:20,0,\N
PLBK/LINSP/LIPRO,911,2388,0,5,24,LINESMAN PLIER LIPRO,0,Active,11/23/2018 11:20,0,\N
PLBK/LINSP/TEKIRO,912,2388,0,5,24,LINESMAN PLIER TEKIRO,0,Active,11/23/2018 11:20,0,\N
PLBK/LINSP/TAKEDA,913,2388,0,5,24,LINESMAN PLIER TAKEDA,0,Active,11/23/2018 11:20,0,\N
PLBK/LONSP/MULTIPRO,914,2388,0,5,24,LONG NOSE PLIER MULTIPRO,0,Active,11/23/2018 11:20,0,\N
PLBK/LONSP/TEKIRO,915,2388,0,5,24,LONG NOSE PLIER TEKIRO,0,Active,11/23/2018 11:20,0,\N
PLBK/LONSP/PROHEX,916,2388,0,5,24,LONG NOSE PLIER PROHEX,0,Active,11/23/2018 11:20,0,\N
PLBK/LONSP/NN,917,2388,0,5,24,LONG NOSE PLIER,0,Active,11/23/2018 11:20,0,\N
PLBK/DIAGP/NN,918,2388,0,5,24,DIAGONAL PLIER,0,Active,11/23/2018 11:20,0,\N
PLBK/DIAGP/TEKIRO,919,2388,0,5,24,DIAGONAL PLIER TEKIRO,0,Active,11/23/2018 11:20,0,\N
PLBK/DIAGP/LIPRO,920,2388,0,5,24,DIAGONAL PLIER LIPRO,0,Active,11/23/2018 11:20,0,\N
PLBK/HNRVT/NN,921,2388,0,5,24,HAND RIVETER,0,Active,11/23/2018 11:20,0,\N
PLBK/HNRVT/LOBSTER,922,2388,0,5,24,HAND RIVETER LOBSTER,0,Active,11/23/2018 11:20,0,\N
TKR/TANG/TUTUP,923,2388,0,5,24,Tekiro Tang Snap Ring Tutup,0,Active,11/23/2018 11:20,0,\N
KNC/BS/19MM,924,2388,0,5,24,Kunci Besi 19mm,0,Active,11/23/2018 11:20,0,\N
PLBK/LOCGP/NN,925,2388,0,5,24,LOCKING GRIP PLIER,0,Active,11/23/2018 11:20,0,\N
PLBK/LOCGP/KTC,926,2388,0,5,24,LOCKING GRIP PLIER KTC,0,Active,11/23/2018 11:20,0,\N
PLBK/LOCGP/TEKIRO,927,2388,0,5,24,LOCKING GRIP PLIER TEKIRO,0,Active,11/23/2018 11:20,0,\N
PLBK/LOCGP/MATSU,928,2388,0,5,24,LOCKING GRIP PLIER MATSU,0,Active,11/23/2018 11:20,0,\N
PLBK/LOCGP/LIPPRO,929,2388,0,5,24,LOCKING GRIP PLIER LIPPRO,0,Active,11/23/2018 11:20,0,\N
PLBK/LOCGP/KRISBOW,930,2388,0,5,24,LOCKING GRIP PLIER KRISBOW,0,Active,11/23/2018 11:20,0,\N
PLBK/WTRPL/NN,931,2388,0,5,24,WATER PUMP PLIER,0,Active,11/23/2018 11:20,0,\N
PLBK/WTRPL/KTC,932,2388,0,5,24,WATER PUMP PLIER KTC,0,Active,11/23/2018 11:20,0,\N
PLBK/WTRPL/VPR,933,2388,0,5,24,WATER PUMP PLIER VPR,0,Active,11/23/2018 11:20,0,\N
PLBK/WTRPL/TEKIRO,934,2388,0,5,24,WATER PUMP PLIER TEKIRO,0,Active,11/23/2018 11:20,0,\N
PLBK/TWRPC/TEKIRO,935,2388,0,5,24,TOWER PINCER,0,Active,11/23/2018 11:20,0,\N
PLBK/TGLPT/NN,936,2388,0,5,24,TANGGA LIPAT,0,Active,11/23/2018 11:20,0,\N
PLBK/TGLPT/ACE,937,2388,0,5,24,TANGGA LIPAT ACE,0,Active,11/23/2018 11:20,0,\N
PLBK/TGLPT/KRISBOW,938,2388,0,5,24,TANGGA LIPAT KRISBOW,0,Active,11/23/2018 11:20,0,\N
PLBK/TGLPT/FORTUNA,939,2388,0,5,24,TANGGA LIPAT FORTUNA,0,Active,11/23/2018 11:20,0,\N
PLBK/TPNDI/JTC/SET,940,2388,0,5,24,TAP AND DIE SET,0,Active,11/23/2018 11:20,0,\N
PLBK/TPNDI/NN/SET,941,2388,0,5,24,TAP AND DIE SET,0,Active,11/23/2018 11:20,0,\N
TELE/TLPHN/FAVORITE/,942,2388,0,32,24,TELEPHONE FAVORITE FT 888 LMID,0,Active,11/23/2018 11:20,0,\N
TELE/TLPHN/SAHTEL,943,2388,0,32,24,TELEPHONE SAH TEL,0,Active,11/23/2018 11:20,0,\N
TELE/TLPHN/PANASONIC,944,2388,0,32,24,TELEPHONE PANASONIC,0,Active,11/23/2018 11:20,0,\N
TELE/TLPHN/PANASONIC,945,2388,0,32,24,TELEPHONE PANASONIC KX-T7730,0,Active,11/23/2018 11:20,0,\N
TELE/TLPHN/PANASONIC,946,2388,0,32,24,TELEPHONE PANASONIC KT-TS505MXW,0,Active,11/23/2018 11:20,0,\N
TELE/TLPHN/TORIPHONE,947,2388,0,32,24,TELEPHONE TORIPHONE,0,Active,11/23/2018 11:20,0,\N
PLAD/TRMSA/KRISBOW,948,2388,0,10,24,TERMOS AIR KRISBOW,0,Active,11/23/2018 11:20,0,\N
PLBK/TESPN/TEKIRO,949,2388,0,5,24,TESPEN TEKIRO,0,Active,11/23/2018 11:20,0,\N
PLBK/TESPN/NN,950,2388,0,5,24,TESPEN,0,Active,11/23/2018 11:20,0,\N
PLBK/DIGTH/KRISBOW,951,2388,0,5,24,DIGITAL THERMOMETER KRISBOW,0,Active,11/23/2018 11:20,0,\N
PLBK/DIGTH/RAYTEK,952,2388,0,5,24,DIGITAL THERMOMETER RAYTEK,0,Active,11/23/2018 11:20,0,\N
PLBK/TRKPR/NN,953,2388,0,5,24,TREKER PER,0,Active,11/23/2018 11:20,0,\N
PLBK/TRKPR/TEKIRO,954,2388,0,5,24,TREKER PER TEKIRO,0,Active,11/23/2018 11:20,0,\N
PLBK/TRKRM/TEKIRO,955,2388,0,5,24,TREKER REM TEKIRO,0,Active,11/23/2018 11:20,0,\N
PLBK/BEAPL/TEKIRO,956,2388,0,5,24,BEARING PULLER TEKIRO,0,Active,11/23/2018 11:20,0,\N
PLBK/BEAPL/KTC,957,2388,0,5,24,BEARING PULLER KTC,0,Active,11/23/2018 11:20,0,\N
PLBK/BEAPL/NN,958,2388,0,5,24,BEARING PULLER,0,Active,11/23/2018 11:20,0,\N
PLBK/BEAPT/NN,959,2388,0,5,24,BEARING PILOT,0,Active,11/23/2018 11:20,0,\N
PLBK/TRAPL/TEKIRO,960,2388,0,5,24,THREE ARM PLIERS,0,Active,11/23/2018 11:20,0,\N
PLBK/PROLV/TEKIRO/SE,961,2388,0,5,24,PROFESSIONAL LEVEL,0,Active,11/23/2018 11:20,0,\N
PLBK/TORRA/PENGUIN,962,2388,0,5,24,TORRENT AIR PENGUIN,0,Active,11/23/2018 11:20,0,\N
PLBK/TORRA/EXCELL,963,2388,0,5,24,TORRENT AIR EXCELL,0,Active,11/23/2018 11:20,0,\N
PLBK/TOOLB/NN,964,2388,0,5,24,TOOL BOX SUSUN,0,Active,11/23/2018 11:20,0,\N
PLBK/TRNSJ/NN,965,2388,0,5,24,TRANSMISSION JACK,0,Active,11/23/2018 11:20,0,\N
PLBK/TRNSJ/TAKEDA,966,2388,0,5,24,TRANSMISSION JACK TAKEDA,0,Active,11/23/2018 11:20,0,\N
PLBK/TRNSJ/KERNEL,967,2388,0,5,24,TRANSMISSION JACK KERNEL,0,Active,11/23/2018 11:20,0,\N
PLBK/TRLPR/NN,968,2388,0,5,24,TROLI PART,0,Active,11/23/2018 11:20,0,\N
PLBK/TRLPR/ROVEGA,969,2388,0,5,24,TROLI PART ROVEGA,0,Active,11/23/2018 11:20,0,\N
MSBK/VCCTN/MANOTEC/C,970,2388,0,9,24,VACUUM CLEANER TUNE UP MANOTEC CHF1034,0,Active,11/23/2018 11:20,0,\N
MSBK/VCCTN/NN,971,2388,0,9,24,VACUUM CLEANER TUNE UP,0,Active,11/23/2018 11:20,0,\N
PLBK/VLSPC/TEKIRO,972,2388,0,5,24,VALVE SPRING COMPRESSOR TEKIRO,0,Active,11/23/2018 11:20,0,\N
PLBK/VSLTM/BOS,973,2388,0,5,24,VISUAL TIME BOS,0,Active,11/23/2018 11:20,0,\N
PLBK/WTRPS/NN,974,2388,0,5,24,WATER PASS,0,Active,11/23/2018 11:20,0,\N
PLBK/WTRPS/KRISBOW,975,2388,0,5,24,WATER PASS KRISBOW,0,Active,11/23/2018 11:20,0,\N
PLAD/WHTEB/NN,976,2388,0,10,24,WHITEBOARD,0,Active,11/23/2018 11:20,0,\N
PLAD/WHTEB/SAKANA,977,2388,0,10,24,WHITEBOARD SAKANA,0,Active,11/23/2018 11:20,0,\N
PLAD/WHTEB/SAKURA,978,2388,0,10,24,WHITEBOARD SAKURA,0,Active,11/23/2018 11:20,0,\N
PRPIT-PRP-0001,979,2388,98,37,29,KABEL UTP CAT 6 BIRU,0,Active,12/5/2018 10:50,617,
PRPIT-PRP-0003,980,2388,98,38,24,POWER DISTRIBUTION 8 COLOKAN SERVER,0,Active,12/5/2018 11:02,617,
